Org,Engineering Team,Aircraft ID,Aircraft Platform,Ci Env,Ci Class,Maintenance Status,Patching Ownership,Maintenance Event,Summary,Flight Service,Flight Service 2,Avionics System,Maintenance Event ID,Is Open Source,Lead Engineer,Image Version,Created On,Aircraft Platform 2,Maintenance Event 2,Aircraft Platform 3,Detection Path,Maintenance Event ID 2,Month Due,Platform Code,Owner Lookup,Lead Engineer 2,Aircraft ID 2,Created On Pivot
RA_38328,Fleet Engineering West,RA-100,Rensselaer A330,RA_82422,RA_98598,RA_83907,RA_35979,RA_4876,Routine maintenance review identified a fleet systems condition requiring corrective action and scheduled engineering follow-up.,RA_32629,RA_91574,AeroTrack Vision,MEV700000,RA_86045,,RA_1824,5/1/2023,Rensselaer CargoMax,6/7/2026,Rensselaer A900,RA_6136,MEV700000,May-2023,Rensselaer A330,RA_23597,RA_37547,RA-100,5/1/2023
RA_18275,Technical Operations Center,RA-101,Rensselaer A330,,RA_13717,RA_43959,RA_94812,RA_88777,Routine maintenance review identified a fleet systems condition requiring corrective action and scheduled engineering follow-up.,,,AeroTrack Vision,MEV700001,RA_49055,RA_17631,RA_21706,5/2/2023,Rensselaer A330,6/9/2026,Rensselaer A220,RA_23039,MEV700001,May-2023,Rensselaer A900,,RA_52898,RA-101,5/2/2023
RA_35840,Aircraft Reliability Team,RA-102,Rensselaer A220,,RA_95077,RA_66136,RA_72247,RA_61817,Routine maintenance review identified a fleet systems condition requiring corrective action and scheduled engineering follow-up.,,,Altitude Manager,MEV700002,RA_84418,RA_85990,RA_51243,5/2/2023,Rensselaer A900,6/9/2026,Rensselaer A900,RA_66038,MEV700002,May-2023,Rensselaer A900,,RA_13875,RA-102,5/2/2023
RA_37426,Avionics Operations,RA-103,Rensselaer CargoMax,RA_36359,RA_33790,RA_3296,RA_82946,RA_24163,Routine maintenance review identified a fleet systems condition requiring corrective action and scheduled engineering follow-up.,RA_41432,RA_36202,FlightNav Pro,MEV700003,RA_1476,,RA_91465,10/9/2023,Rensselaer A330,6/7/2026,Rensselaer A900,RA_5483,MEV700003,Oct-2023,Rensselaer A330,RA_78074,RA_76138,RA-103,10/9/2023
RA_69945,Maintenance Excellence Group,RA-104,Rensselaer Regional 75,RA_20704,RA_9914,RA_23900,RA_38844,RA_18100,Routine maintenance review identified a fleet systems condition requiring corrective action and scheduled engineering follow-up.,RA_46758,RA_46435,Altitude Manager,MEV700004,RA_53009,,RA_38236,9/16/2024,Rensselaer CargoMax,6/9/2026,Rensselaer A330,Routine maintenance review identified a fleet systems condition requiring corrective action and scheduled engineering follow-up.,MEV700004,Sep-2024,Rensselaer A220,RA_29965,RA_45331,RA-104,9/16/2024
RA_39466,Maintenance Excellence Group,RA-105,Rensselaer CargoMax,RA_86022,RA_20423,RA_47564,RA_93958,RA_72251,Routine maintenance review identified a fleet systems condition requiring corrective action and scheduled engineering follow-up.,RA_72033,RA_60502,SkyLogic Suite,MEV700005,RA_83201,,RA_71491,9/16/2024,Rensselaer Regional 75,6/9/2026,Rensselaer A220,RA_2695,MEV700005,Sep-2024,Rensselaer A900,RA_11300,RA_14283,RA-105,9/16/2024
RA_48207,Maintenance Excellence Group,RA-106,Rensselaer A220,RA_50921,RA_77401,RA_27541,RA_26841,RA_39076,Routine maintenance review identified a fleet systems condition requiring corrective action and scheduled engineering follow-up.,RA_15049,RA_54683,AeroTrack Vision,MEV700006,RA_10075,,RA_5146,9/16/2024,Rensselaer A900,6/9/2026,Rensselaer Regional 75,RA_155,MEV700006,Sep-2024,Rensselaer A330,RA_5047,RA_62973,RA-106,9/16/2024
RA_53256,Fleet Engineering East,RA-107,Rensselaer A330,,RA_92322,RA_53618,RA_33505,RA_3393,Routine maintenance review identified a fleet systems condition requiring corrective action and scheduled engineering follow-up.,,,AeroControl X,MEV700007,RA_93816,RA_87841,RA_17606,11/11/2024,Rensselaer CargoMax,6/9/2026,Rensselaer Regional 75,RA_74580,MEV700007,Nov-2024,Rensselaer CargoMax,RA_40313,RA_38927,RA-107,11/11/2024
RA_38656,Flight Systems Engineering,RA-108,Rensselaer CargoMax,,RA_92596,RA_69529,RA_98138,RA_64713,Routine maintenance review identified a fleet systems condition requiring corrective action and scheduled engineering follow-up.,,,FlightNav Pro,MEV700008,RA_39104,RA_68247,RA_39180,11/11/2024,Rensselaer A900,6/9/2026,Rensselaer Regional 75,RA_93606,MEV700008,Nov-2024,Rensselaer A220,RA_2277,RA_60043,RA-108,11/11/2024
RA_99400,,RA-109,Rensselaer A900,,RA_94284,RA_80815,RA_77636,RA_25412,Routine maintenance review identified a fleet systems condition requiring corrective action and scheduled engineering follow-up.,,,AeroTrack Vision,MEV700009,RA_75014,RA_14595,,11/18/2024,Rensselaer A330,6/3/2026,Rensselaer A900,RA_30468,MEV700009,Nov-2024,Rensselaer A900,,RA_44766,RA-109,11/18/2024
RA_78914,,RA-110,Rensselaer CargoMax,,RA_24911,RA_36474,RA_62204,RA_45438,Routine maintenance review identified a fleet systems condition requiring corrective action and scheduled engineering follow-up.,,,Altitude Manager,MEV700010,RA_47408,RA_44662,,11/18/2024,Rensselaer CargoMax,6/3/2026,Rensselaer Regional 75,RA_60354,MEV700010,Nov-2024,Rensselaer Regional 75,,RA_5485,RA-110,11/18/2024
RA_20931,,RA-111,Rensselaer A330,,RA_19002,RA_83974,RA_97146,RA_28652,Routine maintenance review identified a fleet systems condition requiring corrective action and scheduled engineering follow-up.,,,SkyLogic Suite,MEV700011,RA_43351,RA_25850,,11/18/2024,Rensselaer A330,6/3/2026,Rensselaer Regional 75,RA_60190,MEV700011,Nov-2024,Rensselaer A220,,RA_15490,RA-111,11/18/2024
RA_82434,Fleet Engineering East,RA-112,Rensselaer CargoMax,,RA_40506,RA_9298,RA_52788,RA_40377,Routine maintenance review identified a fleet systems condition requiring corrective action and scheduled engineering follow-up.,,,SkyLogic Suite,MEV700012,RA_42705,RA_21486,,11/18/2024,Rensselaer A900,6/9/2026,Rensselaer Regional 75,RA_86623,MEV700012,Nov-2024,Rensselaer CargoMax,,RA_39960,RA-112,11/18/2024
RA_82031,Fleet Engineering East,RA-113,Rensselaer A220,,RA_895,RA_95470,RA_77265,RA_70807,Routine maintenance review identified a fleet systems condition requiring corrective action and scheduled engineering follow-up.,,,FlightNav Pro,MEV700013,RA_67275,RA_56977,,11/18/2024,Rensselaer A220,6/9/2026,Rensselaer A330,RA_36842,MEV700013,Nov-2024,Rensselaer CargoMax,,RA_79891,RA-113,11/18/2024
RA_3265,,RA-114,Rensselaer Regional 75,,RA_41820,RA_82060,RA_60743,RA_70659,Routine maintenance review identified a fleet systems condition requiring corrective action and scheduled engineering follow-up.,,,SkyLogic Suite,MEV700014,RA_60187,RA_40360,,12/30/2024,Rensselaer Regional 75,6/9/2026,Rensselaer A220,RA_45707,MEV700014,Dec-2024,Rensselaer A330,,RA_91238,RA-114,12/30/2024
RA_87560,,RA-115,Rensselaer A330,,RA_91373,RA_98240,RA_84134,RA_50705,Routine maintenance review identified a fleet systems condition requiring corrective action and scheduled engineering follow-up.,,,RunwayLink,MEV700015,RA_57464,RA_23318,,12/30/2024,Rensselaer A330,6/9/2026,Rensselaer A330,RA_63299,MEV700015,Dec-2024,Rensselaer CargoMax,,RA_54489,RA-115,12/30/2024
RA_28263,,RA-116,Rensselaer A900,,RA_21798,RA_74677,RA_78064,RA_79751,Routine maintenance review identified a fleet systems condition requiring corrective action and scheduled engineering follow-up.,,,RunwayLink,MEV700016,RA_84919,RA_93404,,12/30/2024,Rensselaer A900,6/9/2026,Rensselaer A220,RA_17046,MEV700016,Dec-2024,Rensselaer Regional 75,,RA_71523,RA-116,12/30/2024
RA_92093,Aircraft Reliability Team,RA-117,Rensselaer A220,,RA_1574,RA_49830,RA_18612,RA_35439,Routine maintenance review identified a fleet systems condition requiring corrective action and scheduled engineering follow-up.,,,SkyLogic Suite,MEV700017,RA_74166,RA_9303,,1/27/2025,Rensselaer CargoMax,6/9/2026,Rensselaer A330,RA_74711,MEV700017,Jan-2025,Rensselaer A330,,RA_11058,RA-117,1/27/2025
RA_7381,Technical Operations Center,RA-118,Rensselaer A330,,RA_15408,RA_10058,RA_45107,RA_79067,Routine maintenance review identified a fleet systems condition requiring corrective action and scheduled engineering follow-up.,,,SkyLogic Suite,MEV700018,RA_91348,RA_23163,,1/27/2025,Rensselaer A330,6/9/2026,Rensselaer A220,RA_26618,MEV700018,Jan-2025,Rensselaer CargoMax,,RA_66609,RA-118,1/27/2025
RA_42626,,RA-119,Rensselaer A900,,RA_48445,RA_57752,RA_12907,RA_6569,Routine maintenance review identified a fleet systems condition requiring corrective action and scheduled engineering follow-up.,,,SkyLogic Suite,MEV700019,RA_75277,RA_48869,,2/10/2025,Rensselaer A900,6/4/2026,Rensselaer Regional 75,RA_10461,MEV700019,Feb-2025,Rensselaer A900,,RA_47874,RA-119,2/10/2025
RA_16666,,RA-120,Rensselaer A900,,RA_94549,RA_89829,RA_72593,RA_88686,Routine maintenance review identified a fleet systems condition requiring corrective action and scheduled engineering follow-up.,,,RunwayLink,MEV700020,RA_86661,RA_67654,,2/10/2025,Rensselaer A220,6/4/2026,Rensselaer CargoMax,RA_2872,MEV700020,Feb-2025,Rensselaer A220,,RA_61767,RA-120,2/10/2025
RA_10762,Technical Operations Center,RA-121,Rensselaer A330,RA_5035,RA_99479,RA_82612,RA_10795,RA_99207,Routine maintenance review identified a fleet systems condition requiring corrective action and scheduled engineering follow-up.,RA_91846,RA_80686,Altitude Manager,MEV700021,RA_28671,,RA_24731,2/17/2025,Rensselaer A330,6/9/2026,Rensselaer Regional 75,Routine maintenance review identified a fleet systems condition requiring corrective action and scheduled engineering follow-up.,MEV700021,Feb-2025,Rensselaer Regional 75,RA_16525,RA_20587,RA-121,2/17/2025
RA_48557,Technical Operations Center,RA-122,Rensselaer A220,RA_52966,RA_23978,RA_25061,RA_90124,RA_42487,Routine maintenance review identified a fleet systems condition requiring corrective action and scheduled engineering follow-up.,RA_32328,RA_77800,RunwayLink,MEV700022,RA_42901,,RA_54057,2/17/2025,Rensselaer A900,6/9/2026,Rensselaer CargoMax,Routine maintenance review identified a fleet systems condition requiring corrective action and scheduled engineering follow-up.,MEV700022,Feb-2025,Rensselaer Regional 75,RA_78025,RA_87883,RA-122,2/17/2025
RA_57487,,RA-123,Rensselaer A900,,RA_50507,RA_37267,RA_40037,RA_48220,Routine maintenance review identified a fleet systems condition requiring corrective action and scheduled engineering follow-up.,,,AeroTrack Vision,MEV700023,RA_44027,RA_23183,,2/24/2025,Rensselaer A330,6/10/2026,Rensselaer Regional 75,RA_22626,MEV700023,Feb-2025,Rensselaer Regional 75,,RA_77342,RA-123,2/24/2025
RA_95604,Avionics Operations,RA-124,Rensselaer Regional 75,,RA_13174,RA_59664,RA_18447,RA_22851,Routine maintenance review identified a fleet systems condition requiring corrective action and scheduled engineering follow-up.,,,AeroTrack Vision,MEV700024,RA_55803,RA_73516,,3/10/2025,Rensselaer A900,6/9/2026,Rensselaer A330,RA_54208,MEV700024,Mar-2025,Rensselaer A900,,RA_14606,RA-124,3/10/2025
RA_27847,Fleet Engineering East,RA-125,Rensselaer A220,,RA_6187,RA_24972,RA_78050,RA_91209,Routine maintenance review identified a fleet systems condition requiring corrective action and scheduled engineering follow-up.,,,FlightNav Pro,MEV700025,RA_9517,RA_18782,,3/10/2025,Rensselaer Regional 75,6/9/2026,Rensselaer CargoMax,RA_91499,MEV700025,Mar-2025,Rensselaer CargoMax,,RA_91393,RA-125,3/10/2025
RA_39246,,RA-126,Rensselaer A900,,RA_5522,RA_82633,RA_9016,RA_47713,Routine maintenance review identified a fleet systems condition requiring corrective action and scheduled engineering follow-up.,,,RunwayLink,MEV700026,RA_30088,RA_90879,,3/31/2025,Rensselaer A900,6/10/2026,Rensselaer Regional 75,RA_26201,MEV700026,Mar-2025,Rensselaer A220,,RA_27133,RA-126,3/31/2025
RA_64057,Aircraft Reliability Team,RA-127,Rensselaer A330,RA_11298,RA_76862,RA_72720,RA_1517,RA_23013,Routine maintenance review identified a fleet systems condition requiring corrective action and scheduled engineering follow-up.,,,AeroControl X,MEV700027,RA_50073,RA_83134,RA_27696,4/7/2025,Rensselaer A900,6/9/2026,Rensselaer A900,RA_68555,MEV700027,Apr-2025,Rensselaer A220,RA_99700,RA_83756,RA-127,4/7/2025
RA_10252,Fleet Engineering East,RA-128,Rensselaer A330,RA_5147,RA_13092,RA_98574,RA_43692,RA_36411,Routine maintenance review identified a fleet systems condition requiring corrective action and scheduled engineering follow-up.,RA_68502,RA_22558,AeroControl X,MEV700028,RA_32375,,RA_83739,4/15/2025,Rensselaer A900,6/9/2026,Rensselaer CargoMax,Routine maintenance review identified a fleet systems condition requiring corrective action and scheduled engineering follow-up.,MEV700028,Apr-2025,Rensselaer A900,RA_46964,RA_98230,RA-128,4/15/2025
RA_38215,Fleet Engineering West,RA-129,Rensselaer A220,RA_62989,RA_31878,RA_8956,RA_61044,RA_41282,Routine maintenance review identified a fleet systems condition requiring corrective action and scheduled engineering follow-up.,RA_85072,RA_95912,SkyLogic Suite,MEV700029,RA_9548,,RA_58317,4/15/2025,Rensselaer CargoMax,6/9/2026,Rensselaer A220,RA_1011,MEV700029,Apr-2025,Rensselaer A330,RA_94484,RA_23219,RA-129,4/15/2025
RA_90273,Flight Systems Engineering,RA-130,Rensselaer A900,RA_63470,RA_70460,RA_76366,RA_67536,RA_73058,Routine maintenance review identified a fleet systems condition requiring corrective action and scheduled engineering follow-up.,RA_55267,RA_61713,AeroTrack Vision,MEV700030,RA_13846,,RA_8159,4/15/2025,Rensselaer A900,6/9/2026,Rensselaer A330,RA_32905,MEV700030,Apr-2025,Rensselaer CargoMax,RA_14462,RA_54282,RA-130,4/15/2025
RA_45914,Aircraft Reliability Team,RA-131,Rensselaer A900,,RA_94533,RA_91270,RA_14916,RA_57322,Routine maintenance review identified a fleet systems condition requiring corrective action and scheduled engineering follow-up.,,,Altitude Manager,MEV700031,RA_91486,RA_61514,,5/1/2025,Rensselaer Regional 75,6/4/2026,Rensselaer Regional 75,RA_79472,MEV700031,May-2025,Rensselaer Regional 75,,RA_4328,RA-131,5/1/2025
RA_56959,Technical Operations Center,RA-132,Rensselaer A220,,RA_73134,RA_65968,RA_13685,RA_3467,Routine maintenance review identified a fleet systems condition requiring corrective action and scheduled engineering follow-up.,,,RunwayLink,MEV700032,RA_43417,RA_90562,,5/8/2025,Rensselaer A220,6/4/2026,Rensselaer Regional 75,RA_81634,MEV700032,May-2025,Rensselaer A330,,RA_26599,RA-132,5/8/2025
RA_25870,Maintenance Excellence Group,RA-133,Rensselaer A220,RA_80657,RA_79100,RA_93636,RA_40600,RA_72944,Routine maintenance review identified a fleet systems condition requiring corrective action and scheduled engineering follow-up.,RA_69645,RA_10002,RunwayLink,MEV700033,RA_2580,,RA_97259,5/9/2025,Rensselaer Regional 75,6/9/2026,Rensselaer A220,Routine maintenance review identified a fleet systems condition requiring corrective action and scheduled engineering follow-up.,MEV700033,May-2025,Rensselaer A900,RA_42128,RA_94669,RA-133,5/9/2025
RA_8589,Aircraft Reliability Team,RA-134,Rensselaer A220,RA_20644,RA_32574,RA_23412,RA_38818,RA_42975,Routine maintenance review identified a fleet systems condition requiring corrective action and scheduled engineering follow-up.,RA_43722,RA_14028,SkyLogic Suite,MEV700034,RA_82430,,RA_85036,5/9/2025,Rensselaer A220,6/9/2026,Rensselaer Regional 75,Routine maintenance review identified a fleet systems condition requiring corrective action and scheduled engineering follow-up.,MEV700034,May-2025,Rensselaer CargoMax,RA_9874,RA_89266,RA-134,5/9/2025
RA_88983,Aircraft Reliability Team,RA-135,Rensselaer Regional 75,RA_58430,RA_67265,RA_51733,RA_20155,RA_47092,Routine maintenance review identified a fleet systems condition requiring corrective action and scheduled engineering follow-up.,RA_50322,RA_93901,SkyLogic Suite,MEV700035,RA_25464,,RA_60865,5/9/2025,Rensselaer CargoMax,6/9/2026,Rensselaer Regional 75,RA_91598,MEV700035,May-2025,Rensselaer CargoMax,RA_40427,RA_16357,RA-135,5/9/2025
RA_47593,Fleet Engineering East,RA-136,Rensselaer Regional 75,RA_37688,RA_13199,RA_82520,RA_23094,RA_22741,Routine maintenance review identified a fleet systems condition requiring corrective action and scheduled engineering follow-up.,RA_99250,RA_31189,AeroTrack Vision,MEV700036,RA_35920,,RA_28123,5/9/2025,Rensselaer CargoMax,6/9/2026,Rensselaer A220,RA_1276,MEV700036,May-2025,Rensselaer CargoMax,RA_24599,RA_2640,RA-136,5/9/2025
RA_5922,Aircraft Reliability Team,RA-137,Rensselaer Regional 75,,RA_89338,RA_99503,RA_84754,RA_74561,Routine maintenance review identified a fleet systems condition requiring corrective action and scheduled engineering follow-up.,,,Altitude Manager,MEV700037,RA_70304,RA_1398,,6/25/2025,Rensselaer CargoMax,6/4/2026,Rensselaer A220,RA_35309,MEV700037,Jun-2025,Rensselaer A330,,RA_6937,RA-137,6/25/2025
RA_91732,Maintenance Excellence Group,RA-138,Rensselaer A330,,RA_3669,RA_96329,RA_51924,RA_13280,Routine maintenance review identified a fleet systems condition requiring corrective action and scheduled engineering follow-up.,,,FleetPilot Central,MEV700038,RA_68885,RA_82310,,6/25/2025,Rensselaer A220,6/4/2026,Rensselaer A900,RA_30447,MEV700038,Jun-2025,Rensselaer A330,,RA_34512,RA-138,6/25/2025
RA_47864,Aircraft Reliability Team,RA-139,Rensselaer Regional 75,RA_63552,RA_33650,RA_6511,RA_60372,RA_27806,Routine maintenance review identified a fleet systems condition requiring corrective action and scheduled engineering follow-up.,,,AeroTrack Vision,MEV700039,RA_31235,RA_13528,RA_39864,8/2/2025,Rensselaer Regional 75,6/5/2026,Rensselaer A900,RA_28020,MEV700039,Aug-2025,Rensselaer A900,RA_17869,RA_36176,RA-139,8/2/2025
RA_9737,Fleet Engineering West,RA-140,Rensselaer Regional 75,,RA_82276,RA_63889,RA_51196,RA_59460,Routine maintenance review identified a fleet systems condition requiring corrective action and scheduled engineering follow-up.,,,FlightNav Pro,MEV700040,RA_37421,RA_70371,RA_57381,8/2/2025,Rensselaer A330,6/5/2026,Rensselaer A220,RA_53215,MEV700040,Aug-2025,Rensselaer Regional 75,RA_29225,RA_68094,RA-140,8/2/2025
RA_3256,Avionics Operations,RA-141,Rensselaer Regional 75,RA_12164,RA_17713,RA_14971,RA_83247,RA_84598,Routine maintenance review identified a fleet systems condition requiring corrective action and scheduled engineering follow-up.,,,AeroControl X,MEV700041,RA_91199,RA_64297,RA_18847,8/16/2025,Rensselaer CargoMax,6/5/2026,Rensselaer CargoMax,RA_30913,MEV700041,Aug-2025,Rensselaer A330,RA_58669,RA_76153,RA-141,8/16/2025
RA_93277,Fleet Engineering West,RA-142,Rensselaer A900,RA_36683,RA_68695,RA_54742,RA_49953,RA_8301,Routine maintenance review identified a fleet systems condition requiring corrective action and scheduled engineering follow-up.,RA_50465,RA_74115,Altitude Manager,MEV700042,RA_65644,RA_33910,RA_60183,8/20/2025,Rensselaer A220,6/9/2026,Rensselaer CargoMax,RA_37380,MEV700042,Aug-2025,Rensselaer A220,,RA_6529,RA-142,8/20/2025
RA_23670,Fleet Engineering West,RA-143,Rensselaer CargoMax,RA_30695,RA_9743,RA_27533,RA_85941,RA_62430,Routine maintenance review identified a fleet systems condition requiring corrective action and scheduled engineering follow-up.,RA_87221,RA_63691,AeroControl X,MEV700043,RA_44612,RA_78993,RA_29488,8/20/2025,Rensselaer Regional 75,6/9/2026,Rensselaer CargoMax,RA_51983,MEV700043,Aug-2025,Rensselaer A330,,RA_88862,RA-143,8/20/2025
RA_16298,Avionics Operations,RA-144,Rensselaer Regional 75,RA_43970,RA_75501,RA_40184,RA_89539,RA_78595,Routine maintenance review identified a fleet systems condition requiring corrective action and scheduled engineering follow-up.,RA_26721,RA_72681,RunwayLink,MEV700044,RA_6105,,RA_81495,8/20/2025,Rensselaer CargoMax,6/9/2026,Rensselaer A330,RA_17945,MEV700044,Aug-2025,Rensselaer A330,RA_8149,RA_70170,RA-144,8/20/2025
RA_24408,Avionics Operations,RA-145,Rensselaer A220,RA_410,RA_87110,RA_90682,RA_97975,RA_92936,Routine maintenance review identified a fleet systems condition requiring corrective action and scheduled engineering follow-up.,RA_11365,RA_58831,Altitude Manager,MEV700045,RA_84180,RA_78106,RA_28984,8/20/2025,Rensselaer A900,6/9/2026,Rensselaer A900,RA_67489,MEV700045,Aug-2025,Rensselaer CargoMax,RA_45543,RA_19062,RA-145,8/20/2025
RA_5757,Aircraft Reliability Team,RA-146,Rensselaer Regional 75,RA_33453,RA_28781,RA_65321,RA_6519,RA_55670,Routine maintenance review identified a fleet systems condition requiring corrective action and scheduled engineering follow-up.,,,AeroTrack Vision,MEV700046,RA_21078,RA_70465,RA_1356,8/23/2025,Rensselaer Regional 75,6/5/2026,Rensselaer CargoMax,RA_88586,MEV700046,Aug-2025,Rensselaer A220,,RA_6863,RA-146,8/23/2025
RA_44191,Fleet Engineering West,RA-147,Rensselaer CargoMax,RA_67450,RA_87638,RA_20835,RA_89246,RA_44756,Routine maintenance review identified a fleet systems condition requiring corrective action and scheduled engineering follow-up.,,,Altitude Manager,MEV700047,RA_80485,RA_50031,RA_9572,8/23/2025,Rensselaer A220,6/5/2026,Rensselaer CargoMax,RA_18699,MEV700047,Aug-2025,Rensselaer Regional 75,,RA_76605,RA-147,8/23/2025
RA_76602,Fleet Engineering East,RA-148,Rensselaer A330,RA_67449,RA_7371,RA_5763,RA_95921,RA_38675,Routine maintenance review identified a fleet systems condition requiring corrective action and scheduled engineering follow-up.,,,RunwayLink,MEV700048,RA_26909,RA_17961,RA_82400,8/23/2025,Rensselaer A330,6/5/2026,Rensselaer CargoMax,RA_62877,MEV700048,Aug-2025,Rensselaer A220,RA_37293,RA_21707,RA-148,8/23/2025
RA_12277,,RA-149,Rensselaer A330,,RA_60010,RA_72814,RA_58371,RA_23438,Routine maintenance review identified a fleet systems condition requiring corrective action and scheduled engineering follow-up.,,,FleetPilot Central,MEV700049,RA_38015,,RA_74842,9/9/2025,Rensselaer A330,6/9/2026,Rensselaer A220,RA_64056,MEV700049,Sep-2025,Rensselaer Regional 75,RA_13346,RA_91201,RA-149,9/9/2025
RA_19945,,RA-150,Rensselaer Regional 75,,RA_14766,RA_69831,RA_78419,RA_41971,Routine maintenance review identified a fleet systems condition requiring corrective action and scheduled engineering follow-up.,,,RunwayLink,MEV700050,RA_29804,,RA_45863,9/9/2025,Rensselaer A330,6/9/2026,Rensselaer Regional 75,RA_40424,MEV700050,Sep-2025,Rensselaer A900,RA_84218,RA_17049,RA-150,9/9/2025
RA_82037,,RA-151,Rensselaer A220,,RA_7792,RA_98796,RA_18039,RA_65396,Routine maintenance review identified a fleet systems condition requiring corrective action and scheduled engineering follow-up.,,,SkyLogic Suite,MEV700051,RA_77460,,RA_21715,9/9/2025,Rensselaer A900,6/9/2026,Rensselaer A330,RA_40231,MEV700051,Sep-2025,Rensselaer CargoMax,RA_2869,RA_37404,RA-151,9/9/2025
RA_74935,,RA-152,Rensselaer A220,,RA_97569,RA_38147,RA_29144,RA_77136,Routine maintenance review identified a fleet systems condition requiring corrective action and scheduled engineering follow-up.,,,RunwayLink,MEV700052,RA_81649,,RA_4896,9/9/2025,Rensselaer Regional 75,6/9/2026,Rensselaer Regional 75,RA_85657,MEV700052,Sep-2025,Rensselaer A900,RA_294,RA_40057,RA-152,9/9/2025
RA_23532,,RA-153,Rensselaer A900,,RA_3685,RA_6329,RA_99817,RA_50720,Routine maintenance review identified a fleet systems condition requiring corrective action and scheduled engineering follow-up.,,,FlightNav Pro,MEV700053,RA_72163,,RA_45166,9/9/2025,Rensselaer CargoMax,6/9/2026,Rensselaer A900,RA_42058,MEV700053,Sep-2025,Rensselaer A330,RA_5134,RA_97302,RA-153,9/9/2025
RA_72157,,RA-154,Rensselaer A220,,RA_50598,RA_2122,RA_7531,RA_90113,Routine maintenance review identified a fleet systems condition requiring corrective action and scheduled engineering follow-up.,,,FleetPilot Central,MEV700054,RA_15240,,RA_80902,9/9/2025,Rensselaer Regional 75,6/9/2026,Rensselaer Regional 75,RA_9238,MEV700054,Sep-2025,Rensselaer A330,RA_54175,RA_92258,RA-154,9/9/2025
RA_66767,,RA-155,Rensselaer A900,,RA_81706,RA_85939,RA_95755,RA_78408,Routine maintenance review identified a fleet systems condition requiring corrective action and scheduled engineering follow-up.,,,RunwayLink,MEV700055,RA_47509,,RA_83147,9/9/2025,Rensselaer A330,6/9/2026,Rensselaer A330,RA_47843,MEV700055,Sep-2025,Rensselaer CargoMax,RA_76180,RA_59117,RA-155,9/9/2025
RA_26358,,RA-156,Rensselaer A900,,RA_49733,RA_77850,RA_70143,RA_57109,Routine maintenance review identified a fleet systems condition requiring corrective action and scheduled engineering follow-up.,,,AeroControl X,MEV700056,RA_4765,,RA_33570,9/9/2025,Rensselaer A900,6/9/2026,Rensselaer CargoMax,RA_38088,MEV700056,Sep-2025,Rensselaer A900,RA_36656,RA_70027,RA-156,9/9/2025
RA_88401,,RA-157,Rensselaer A220,,RA_4204,RA_91956,RA_66421,RA_59060,Routine maintenance review identified a fleet systems condition requiring corrective action and scheduled engineering follow-up.,,,FlightNav Pro,MEV700057,RA_50576,,RA_502,9/9/2025,Rensselaer A330,6/9/2026,Rensselaer CargoMax,RA_17021,MEV700057,Sep-2025,Rensselaer A220,RA_2288,RA_15536,RA-157,9/9/2025
RA_26668,,RA-158,Rensselaer A220,,RA_21244,RA_32502,RA_89539,RA_18470,Routine maintenance review identified a fleet systems condition requiring corrective action and scheduled engineering follow-up.,,,SkyLogic Suite,MEV700058,RA_93404,,RA_52608,9/9/2025,Rensselaer A220,6/9/2026,Rensselaer A220,RA_44405,MEV700058,Sep-2025,Rensselaer A900,RA_64830,RA_5026,RA-158,9/9/2025
RA_16171,,RA-159,Rensselaer A900,,RA_43512,RA_21364,RA_99579,RA_91428,Routine maintenance review identified a fleet systems condition requiring corrective action and scheduled engineering follow-up.,,,AeroTrack Vision,MEV700059,RA_18481,,RA_4191,9/9/2025,Rensselaer Regional 75,6/9/2026,Rensselaer A220,RA_32285,MEV700059,Sep-2025,Rensselaer Regional 75,RA_83464,RA_36551,RA-159,9/9/2025
RA_88949,,RA-160,Rensselaer A330,,RA_72300,RA_24939,RA_83815,RA_19504,Routine maintenance review identified a fleet systems condition requiring corrective action and scheduled engineering follow-up.,,,FleetPilot Central,MEV700060,RA_32015,,RA_17816,9/9/2025,Rensselaer A900,6/9/2026,Rensselaer A330,RA_23029,MEV700060,Sep-2025,Rensselaer A330,RA_42129,RA_96032,RA-160,9/9/2025
RA_72681,,RA-161,Rensselaer Regional 75,,RA_9822,RA_31905,RA_73423,RA_16341,Routine maintenance review identified a fleet systems condition requiring corrective action and scheduled engineering follow-up.,,,Altitude Manager,MEV700061,RA_23901,,RA_92164,9/9/2025,Rensselaer A330,6/9/2026,Rensselaer CargoMax,RA_4192,MEV700061,Sep-2025,Rensselaer A220,RA_97923,RA_40204,RA-161,9/9/2025
RA_47698,,RA-162,Rensselaer A330,,RA_76163,RA_72804,RA_67871,RA_43870,Routine maintenance review identified a fleet systems condition requiring corrective action and scheduled engineering follow-up.,,,AeroControl X,MEV700062,RA_35564,,RA_59264,9/9/2025,Rensselaer A900,6/9/2026,Rensselaer Regional 75,RA_68682,MEV700062,Sep-2025,Rensselaer A330,RA_76678,RA_84391,RA-162,9/9/2025
RA_75909,,RA-163,Rensselaer A220,,RA_89545,RA_44280,RA_96901,RA_52155,Routine maintenance review identified a fleet systems condition requiring corrective action and scheduled engineering follow-up.,,,RunwayLink,MEV700063,RA_83495,,RA_35784,9/9/2025,Rensselaer A220,6/9/2026,Rensselaer Regional 75,RA_96279,MEV700063,Sep-2025,Rensselaer A900,RA_16743,RA_23494,RA-163,9/9/2025
RA_7559,,RA-164,Rensselaer CargoMax,,RA_21200,RA_20719,RA_96281,RA_22140,Routine maintenance review identified a fleet systems condition requiring corrective action and scheduled engineering follow-up.,,,RunwayLink,MEV700064,RA_8138,,RA_83838,9/9/2025,Rensselaer A220,6/9/2026,Rensselaer A330,RA_22914,MEV700064,Sep-2025,Rensselaer CargoMax,RA_40064,RA_35140,RA-164,9/9/2025
RA_68108,Fleet Engineering West,RA-165,Rensselaer A220,RA_86500,RA_59793,RA_56200,RA_53973,RA_91021,Routine maintenance review identified a fleet systems condition requiring corrective action and scheduled engineering follow-up.,,,FleetPilot Central,MEV700065,RA_19669,RA_73823,RA_36078,10/1/2025,Rensselaer Regional 75,6/9/2026,Rensselaer A220,RA_99437,MEV700065,Oct-2025,Rensselaer A220,,RA_38297,RA-165,10/1/2025
RA_71997,Maintenance Excellence Group,RA-166,Rensselaer A900,RA_90391,RA_21499,RA_49733,RA_65772,RA_74464,Routine maintenance review identified a fleet systems condition requiring corrective action and scheduled engineering follow-up.,,,FleetPilot Central,MEV700066,RA_38735,RA_98145,RA_54460,10/1/2025,Rensselaer A900,6/9/2026,Rensselaer Regional 75,RA_13406,MEV700066,Oct-2025,Rensselaer CargoMax,,RA_97570,RA-166,10/1/2025
RA_41407,,RA-167,Rensselaer CargoMax,RA_18291,RA_39938,RA_41798,RA_35495,RA_10922,Routine maintenance review identified a fleet systems condition requiring corrective action and scheduled engineering follow-up.,,,FlightNav Pro,MEV700067,RA_15091,,RA_78621,10/2/2025,Rensselaer A330,6/9/2026,Rensselaer A900,RA_7426,MEV700067,Oct-2025,Rensselaer A900,RA_56266,RA_10566,RA-167,10/2/2025
RA_55851,,RA-168,Rensselaer CargoMax,RA_91836,RA_7819,RA_34323,RA_25644,RA_446,Routine maintenance review identified a fleet systems condition requiring corrective action and scheduled engineering follow-up.,,,AeroControl X,MEV700068,RA_17662,,RA_35027,10/2/2025,Rensselaer A330,6/9/2026,Rensselaer A330,RA_47680,MEV700068,Oct-2025,Rensselaer Regional 75,RA_33576,RA_32076,RA-168,10/2/2025
RA_66048,Fleet Engineering West,RA-169,Rensselaer Regional 75,,RA_63416,RA_84529,RA_76809,RA_62353,Routine maintenance review identified a fleet systems condition requiring corrective action and scheduled engineering follow-up.,,,AeroControl X,MEV700069,RA_68024,RA_55435,RA_81222,10/4/2025,Rensselaer CargoMax,6/5/2026,Rensselaer A900,RA_20332,MEV700069,Oct-2025,Rensselaer CargoMax,RA_29783,RA_29722,RA-169,10/4/2025
RA_91092,Maintenance Excellence Group,RA-170,Rensselaer A220,,RA_55474,RA_55279,RA_60950,RA_48296,Routine maintenance review identified a fleet systems condition requiring corrective action and scheduled engineering follow-up.,,,RunwayLink,MEV700070,RA_56513,RA_37548,RA_19678,10/4/2025,Rensselaer A330,6/5/2026,Rensselaer A900,RA_36367,MEV700070,Oct-2025,Rensselaer CargoMax,RA_24467,RA_22880,RA-170,10/4/2025
RA_58850,Technical Operations Center,RA-171,Rensselaer Regional 75,,RA_54396,RA_91391,RA_63369,RA_7559,Routine maintenance review identified a fleet systems condition requiring corrective action and scheduled engineering follow-up.,,,AeroControl X,MEV700071,RA_2060,RA_94471,RA_45752,10/8/2025,Rensselaer Regional 75,6/9/2026,Rensselaer A220,RA_14922,MEV700071,Oct-2025,Rensselaer A900,,RA_70435,RA-171,10/8/2025
RA_84481,Flight Systems Engineering,RA-172,Rensselaer A330,RA_96602,RA_63765,RA_30215,RA_2767,RA_4990,Routine maintenance review identified a fleet systems condition requiring corrective action and scheduled engineering follow-up.,,,RunwayLink,MEV700072,RA_73124,RA_63826,RA_39855,10/11/2025,Rensselaer A220,6/5/2026,Rensselaer CargoMax,RA_17206,MEV700072,Oct-2025,Rensselaer A220,,RA_34723,RA-172,10/11/2025
RA_64206,Technical Operations Center,RA-173,Rensselaer CargoMax,,RA_39742,RA_59299,RA_97185,RA_4558,Routine maintenance review identified a fleet systems condition requiring corrective action and scheduled engineering follow-up.,,,FlightNav Pro,MEV700073,RA_92409,RA_82355,RA_51762,10/18/2025,Rensselaer A330,6/5/2026,Rensselaer A330,RA_51308,MEV700073,Oct-2025,Rensselaer A900,RA_25808,RA_70326,RA-173,10/18/2025
RA_75795,Fleet Engineering East,RA-174,Rensselaer Regional 75,,RA_29221,RA_52330,RA_44601,RA_55443,Routine maintenance review identified a fleet systems condition requiring corrective action and scheduled engineering follow-up.,,,AeroControl X,MEV700074,RA_74610,RA_71427,RA_17357,10/18/2025,Rensselaer CargoMax,6/5/2026,Rensselaer CargoMax,RA_61801,MEV700074,Oct-2025,Rensselaer CargoMax,RA_25505,RA_31683,RA-174,10/18/2025
RA_56739,Aircraft Reliability Team,RA-175,Rensselaer A330,,RA_70993,RA_6321,RA_53300,RA_71231,Routine maintenance review identified a fleet systems condition requiring corrective action and scheduled engineering follow-up.,,,FlightNav Pro,MEV700075,RA_80922,RA_86568,RA_6047,10/18/2025,Rensselaer Regional 75,6/5/2026,Rensselaer Regional 75,RA_9777,MEV700075,Oct-2025,Rensselaer A330,RA_98239,RA_56879,RA-175,10/18/2025
RA_13698,Technical Operations Center,RA-176,Rensselaer A220,,RA_84488,RA_54364,RA_46180,RA_40725,Routine maintenance review identified a fleet systems condition requiring corrective action and scheduled engineering follow-up.,,,Altitude Manager,MEV700076,RA_19573,RA_84157,RA_20925,10/18/2025,Rensselaer Regional 75,6/5/2026,Rensselaer Regional 75,RA_31061,MEV700076,Oct-2025,Rensselaer A330,,RA_21258,RA-176,10/18/2025
RA_16022,Maintenance Excellence Group,RA-177,Rensselaer A220,,RA_1869,RA_80404,RA_64556,RA_88281,Routine maintenance review identified a fleet systems condition requiring corrective action and scheduled engineering follow-up.,,,FlightNav Pro,MEV700077,RA_40695,RA_7865,RA_4224,10/18/2025,Rensselaer Regional 75,6/5/2026,Rensselaer A330,RA_65039,MEV700077,Oct-2025,Rensselaer CargoMax,,RA_26046,RA-177,10/18/2025
RA_89650,Avionics Operations,RA-178,Rensselaer A900,,RA_39079,RA_25,RA_20061,RA_78975,Routine maintenance review identified a fleet systems condition requiring corrective action and scheduled engineering follow-up.,,,SkyLogic Suite,MEV700078,RA_85309,RA_72271,RA_2449,10/18/2025,Rensselaer Regional 75,6/5/2026,Rensselaer A220,RA_94755,MEV700078,Oct-2025,Rensselaer A220,,RA_67758,RA-178,10/18/2025
RA_55467,Aircraft Reliability Team,RA-179,Rensselaer A330,,RA_2019,RA_53159,RA_96365,RA_29488,Routine maintenance review identified a fleet systems condition requiring corrective action and scheduled engineering follow-up.,,,AeroTrack Vision,MEV700079,RA_56142,RA_5859,RA_86719,10/18/2025,Rensselaer Regional 75,6/5/2026,Rensselaer Regional 75,RA_64648,MEV700079,Oct-2025,Rensselaer CargoMax,,RA_68280,RA-179,10/18/2025
RA_98869,Flight Systems Engineering,RA-180,Rensselaer A330,,RA_760,RA_33550,RA_18023,RA_62341,Routine maintenance review identified a fleet systems condition requiring corrective action and scheduled engineering follow-up.,,,AeroControl X,MEV700080,RA_85129,RA_36256,RA_74330,10/18/2025,Rensselaer Regional 75,6/5/2026,Rensselaer Regional 75,RA_11499,MEV700080,Oct-2025,Rensselaer A330,,RA_38241,RA-180,10/18/2025
RA_89919,Technical Operations Center,RA-181,Rensselaer Regional 75,,RA_59138,RA_85736,RA_72465,RA_99184,Routine maintenance review identified a fleet systems condition requiring corrective action and scheduled engineering follow-up.,,,SkyLogic Suite,MEV700081,RA_6061,RA_92593,RA_83188,10/18/2025,Rensselaer A220,6/5/2026,Rensselaer CargoMax,RA_66576,MEV700081,Oct-2025,Rensselaer Regional 75,,RA_44637,RA-181,10/18/2025
RA_26384,Aircraft Reliability Team,RA-182,Rensselaer CargoMax,,RA_53309,RA_1105,RA_23980,RA_20050,Routine maintenance review identified a fleet systems condition requiring corrective action and scheduled engineering follow-up.,,,SkyLogic Suite,MEV700082,RA_49956,RA_98680,RA_99806,10/18/2025,Rensselaer A220,6/5/2026,Rensselaer Regional 75,RA_94074,MEV700082,Oct-2025,Rensselaer CargoMax,,RA_47109,RA-182,10/18/2025
RA_37014,Avionics Operations,RA-183,Rensselaer CargoMax,,RA_23103,RA_34119,RA_5792,RA_5627,Routine maintenance review identified a fleet systems condition requiring corrective action and scheduled engineering follow-up.,,,RunwayLink,MEV700083,RA_50849,RA_12715,RA_6984,10/19/2025,Rensselaer CargoMax,6/5/2026,Rensselaer A220,RA_7731,MEV700083,Oct-2025,Rensselaer CargoMax,,RA_20749,RA-183,10/19/2025
RA_21874,Flight Systems Engineering,RA-184,Rensselaer A900,,RA_22245,RA_96535,RA_99609,RA_57600,Routine maintenance review identified a fleet systems condition requiring corrective action and scheduled engineering follow-up.,,,Altitude Manager,MEV700084,RA_26064,RA_56017,RA_84262,10/19/2025,Rensselaer A330,6/5/2026,Rensselaer Regional 75,RA_77167,MEV700084,Oct-2025,Rensselaer Regional 75,,RA_89785,RA-184,10/19/2025
RA_43847,Flight Systems Engineering,RA-185,Rensselaer A900,,RA_40632,RA_13057,RA_22775,RA_4791,Routine maintenance review identified a fleet systems condition requiring corrective action and scheduled engineering follow-up.,,,FleetPilot Central,MEV700085,RA_23439,RA_20777,RA_12629,10/19/2025,Rensselaer A900,6/5/2026,Rensselaer Regional 75,RA_21197,MEV700085,Oct-2025,Rensselaer A220,,RA_87383,RA-185,10/19/2025
RA_13538,Avionics Operations,RA-186,Rensselaer A900,,RA_39802,RA_98997,RA_33441,RA_92904,Routine maintenance review identified a fleet systems condition requiring corrective action and scheduled engineering follow-up.,,,Altitude Manager,MEV700086,RA_54290,RA_54030,RA_31295,10/19/2025,Rensselaer A220,6/5/2026,Rensselaer A900,RA_3595,MEV700086,Oct-2025,Rensselaer A900,,RA_99498,RA-186,10/19/2025
RA_3700,Aircraft Reliability Team,RA-187,Rensselaer A330,,RA_95521,RA_84518,RA_98116,RA_96428,Routine maintenance review identified a fleet systems condition requiring corrective action and scheduled engineering follow-up.,,,AeroTrack Vision,MEV700087,RA_3359,RA_39346,RA_91956,10/19/2025,Rensselaer A900,6/5/2026,Rensselaer A220,RA_83255,MEV700087,Oct-2025,Rensselaer A330,,RA_22306,RA-187,10/19/2025
RA_93099,Avionics Operations,RA-188,Rensselaer A220,,RA_5618,RA_92681,RA_56806,RA_9712,Routine maintenance review identified a fleet systems condition requiring corrective action and scheduled engineering follow-up.,,,FlightNav Pro,MEV700088,RA_79348,RA_51819,RA_78286,10/19/2025,Rensselaer CargoMax,6/5/2026,Rensselaer Regional 75,RA_27732,MEV700088,Oct-2025,Rensselaer A330,,RA_77116,RA-188,10/19/2025
RA_95289,Fleet Engineering West,RA-189,Rensselaer A220,,RA_75908,RA_69237,RA_98108,RA_18928,Routine maintenance review identified a fleet systems condition requiring corrective action and scheduled engineering follow-up.,,,AeroTrack Vision,MEV700089,RA_35596,RA_34003,RA_25585,10/19/2025,Rensselaer A330,6/5/2026,Rensselaer A220,RA_77167,MEV700089,Oct-2025,Rensselaer A900,,RA_72954,RA-189,10/19/2025
RA_99072,Fleet Engineering East,RA-190,Rensselaer Regional 75,,RA_88947,RA_86432,RA_55964,RA_74844,Routine maintenance review identified a fleet systems condition requiring corrective action and scheduled engineering follow-up.,,,FlightNav Pro,MEV700090,RA_95284,RA_18762,RA_77653,10/20/2025,Rensselaer A220,6/5/2026,Rensselaer A220,RA_28617,MEV700090,Oct-2025,Rensselaer A900,,RA_78595,RA-190,10/20/2025
RA_45047,Avionics Operations,RA-191,Rensselaer CargoMax,,RA_56776,RA_87139,RA_14793,RA_23111,Routine maintenance review identified a fleet systems condition requiring corrective action and scheduled engineering follow-up.,,,AeroControl X,MEV700091,RA_84565,RA_58532,RA_31921,10/20/2025,Rensselaer A220,6/5/2026,Rensselaer Regional 75,RA_61796,MEV700091,Oct-2025,Rensselaer A900,,RA_47351,RA-191,10/20/2025
RA_73072,Flight Systems Engineering,RA-192,Rensselaer CargoMax,,RA_9549,RA_45687,RA_6354,RA_39255,Routine maintenance review identified a fleet systems condition requiring corrective action and scheduled engineering follow-up.,,,SkyLogic Suite,MEV700092,RA_23257,RA_79565,RA_89347,10/20/2025,Rensselaer A330,6/5/2026,Rensselaer Regional 75,RA_98295,MEV700092,Oct-2025,Rensselaer A900,,RA_16077,RA-192,10/20/2025
RA_31797,Fleet Engineering West,RA-193,Rensselaer Regional 75,,RA_32984,RA_81986,RA_38271,RA_97197,Routine maintenance review identified a fleet systems condition requiring corrective action and scheduled engineering follow-up.,,,Altitude Manager,MEV700093,RA_86016,RA_53230,RA_98267,10/20/2025,Rensselaer A330,6/5/2026,Rensselaer A220,RA_72249,MEV700093,Oct-2025,Rensselaer A330,,RA_34361,RA-193,10/20/2025
RA_10121,Fleet Engineering East,RA-194,Rensselaer A330,,RA_90088,RA_50043,RA_63524,RA_27827,Routine maintenance review identified a fleet systems condition requiring corrective action and scheduled engineering follow-up.,,,FleetPilot Central,MEV700094,RA_75238,RA_80498,RA_52691,10/20/2025,Rensselaer A900,6/5/2026,Rensselaer CargoMax,RA_99309,MEV700094,Oct-2025,Rensselaer CargoMax,,RA_49421,RA-194,10/20/2025
RA_25555,Technical Operations Center,RA-195,Rensselaer A220,,RA_80262,RA_9505,RA_8229,RA_68773,Routine maintenance review identified a fleet systems condition requiring corrective action and scheduled engineering follow-up.,,,Altitude Manager,MEV700095,RA_26205,RA_9640,RA_42066,10/21/2025,Rensselaer A900,6/5/2026,Rensselaer CargoMax,RA_50688,MEV700095,Oct-2025,Rensselaer CargoMax,,RA_9915,RA-195,10/21/2025
RA_61186,Technical Operations Center,RA-196,Rensselaer A900,,RA_75189,RA_11564,RA_63798,RA_13223,Routine maintenance review identified a fleet systems condition requiring corrective action and scheduled engineering follow-up.,,,AeroControl X,MEV700096,RA_22945,RA_71893,RA_62833,11/22/2025,Rensselaer A330,6/5/2026,Rensselaer A220,RA_1339,MEV700096,Nov-2025,Rensselaer Regional 75,,RA_47385,RA-196,11/22/2025
RA_54889,Avionics Operations,RA-197,Rensselaer A220,,RA_23817,RA_85161,RA_44526,RA_27322,Routine maintenance review identified a fleet systems condition requiring corrective action and scheduled engineering follow-up.,,,RunwayLink,MEV700097,RA_87599,RA_5919,RA_87799,11/26/2025,Rensselaer A220,6/9/2026,Rensselaer A220,,MEV700097,Nov-2025,Rensselaer CargoMax,RA_44324,RA_97081,RA-197,11/26/2025
RA_8747,Fleet Engineering East,RA-198,Rensselaer Regional 75,RA_33528,RA_1085,RA_53746,RA_13883,RA_1961,Routine maintenance review identified a fleet systems condition requiring corrective action and scheduled engineering follow-up.,,,Altitude Manager,MEV700098,RA_61667,RA_67789,RA_34575,11/26/2025,Rensselaer Regional 75,6/9/2026,Rensselaer CargoMax,,MEV700098,Nov-2025,Rensselaer A220,RA_79977,RA_46213,RA-198,11/26/2025
RA_32793,Technical Operations Center,RA-199,Rensselaer A220,,RA_14902,RA_83596,RA_62089,RA_34370,Routine maintenance review identified a fleet systems condition requiring corrective action and scheduled engineering follow-up.,,,FleetPilot Central,MEV700099,RA_72404,RA_3570,RA_69818,12/4/2025,Rensselaer CargoMax,6/9/2026,Rensselaer CargoMax,RA_83707,MEV700099,Dec-2025,Rensselaer A220,RA_74914,RA_29625,RA-199,12/4/2025
RA_55155,Aircraft Reliability Team,RA-200,Rensselaer A900,,RA_55392,RA_95833,RA_22030,RA_18837,Routine maintenance review identified a fleet systems condition requiring corrective action and scheduled engineering follow-up.,,,FleetPilot Central,MEV700100,RA_99152,RA_97242,RA_27581,12/4/2025,Rensselaer CargoMax,6/9/2026,Rensselaer A900,RA_65397,MEV700100,Dec-2025,Rensselaer A900,RA_85435,RA_88997,RA-200,12/4/2025
RA_48179,Flight Systems Engineering,RA-201,Rensselaer CargoMax,,RA_75885,RA_48411,RA_56626,RA_53617,Routine maintenance review identified a fleet systems condition requiring corrective action and scheduled engineering follow-up.,,,SkyLogic Suite,MEV700101,RA_92377,RA_18356,,12/4/2025,Rensselaer A900,6/4/2026,Rensselaer CargoMax,RA_52466,MEV700101,Dec-2025,Rensselaer Regional 75,,RA_83466,RA-201,12/4/2025
RA_82154,Avionics Operations,RA-202,Rensselaer Regional 75,,RA_15957,RA_68718,RA_19153,RA_65915,Routine maintenance review identified a fleet systems condition requiring corrective action and scheduled engineering follow-up.,,,SkyLogic Suite,MEV700102,RA_51260,RA_97239,,12/4/2025,Rensselaer A330,6/4/2026,Rensselaer CargoMax,RA_84884,MEV700102,Dec-2025,Rensselaer A330,,RA_17121,RA-202,12/4/2025
RA_79380,Technical Operations Center,RA-203,Rensselaer A330,RA_62614,RA_15172,RA_74687,RA_73339,RA_28147,Routine maintenance review identified a fleet systems condition requiring corrective action and scheduled engineering follow-up.,RA_41174,RA_9154,AeroControl X,MEV700103,RA_37031,,RA_58644,12/4/2025,Rensselaer A220,6/9/2026,Rensselaer A330,Routine maintenance review identified a fleet systems condition requiring corrective action and scheduled engineering follow-up.,MEV700103,Dec-2025,Rensselaer CargoMax,RA_54075,RA_92338,RA-203,12/4/2025
RA_24254,Flight Systems Engineering,RA-204,Rensselaer A220,,RA_2398,RA_41901,RA_70522,RA_58608,Routine maintenance review identified a fleet systems condition requiring corrective action and scheduled engineering follow-up.,,,RunwayLink,MEV700104,RA_76794,RA_23383,,12/4/2025,Rensselaer A220,6/4/2026,Rensselaer Regional 75,RA_3545,MEV700104,Dec-2025,Rensselaer CargoMax,,RA_9807,RA-204,12/4/2025
RA_59348,Fleet Engineering West,RA-205,Rensselaer A220,,RA_98912,RA_17247,RA_76579,RA_1983,Routine maintenance review identified a fleet systems condition requiring corrective action and scheduled engineering follow-up.,,,SkyLogic Suite,MEV700105,RA_95184,RA_91139,,12/4/2025,Rensselaer A900,6/4/2026,Rensselaer A900,RA_74463,MEV700105,Dec-2025,Rensselaer A330,,RA_71342,RA-205,12/4/2025
RA_28310,Fleet Engineering West,RA-206,Rensselaer A330,RA_64834,RA_48540,RA_40937,RA_32534,RA_89098,Routine maintenance review identified a fleet systems condition requiring corrective action and scheduled engineering follow-up.,RA_46541,RA_93571,AeroTrack Vision,MEV700106,RA_72046,RA_35909,,12/4/2025,Rensselaer A900,6/4/2026,Rensselaer A900,RA_33925,MEV700106,Dec-2025,Rensselaer A220,,RA_58807,RA-206,12/4/2025
RA_99812,Fleet Engineering East,RA-207,Rensselaer A330,RA_64410,RA_70579,RA_95124,RA_29842,RA_26101,Routine maintenance review identified a fleet systems condition requiring corrective action and scheduled engineering follow-up.,RA_62756,RA_58213,RunwayLink,MEV700107,RA_40092,RA_23507,,12/4/2025,Rensselaer Regional 75,6/4/2026,Rensselaer A220,RA_85420,MEV700107,Dec-2025,Rensselaer A900,,RA_68420,RA-207,12/4/2025
RA_99651,Fleet Engineering West,RA-208,Rensselaer A900,RA_92904,RA_2294,RA_87370,RA_36664,RA_67736,Routine maintenance review identified a fleet systems condition requiring corrective action and scheduled engineering follow-up.,RA_58069,RA_71040,AeroTrack Vision,MEV700108,RA_95321,,RA_33297,12/5/2025,Rensselaer CargoMax,6/9/2026,Rensselaer A330,Routine maintenance review identified a fleet systems condition requiring corrective action and scheduled engineering follow-up.,MEV700108,Dec-2025,Rensselaer Regional 75,RA_91853,RA_68694,RA-208,12/5/2025
RA_31279,Maintenance Excellence Group,RA-209,Rensselaer A220,,RA_25289,RA_99146,RA_22349,RA_7979,Routine maintenance review identified a fleet systems condition requiring corrective action and scheduled engineering follow-up.,,,FlightNav Pro,MEV700109,RA_96664,RA_85274,,12/5/2025,Rensselaer CargoMax,6/4/2026,Rensselaer Regional 75,RA_80366,MEV700109,Dec-2025,Rensselaer A220,,RA_47488,RA-209,12/5/2025
RA_30072,Fleet Engineering West,RA-210,Rensselaer Regional 75,,RA_49951,RA_71187,RA_2398,RA_94468,Routine maintenance review identified a fleet systems condition requiring corrective action and scheduled engineering follow-up.,,,SkyLogic Suite,MEV700110,RA_77483,RA_88289,,12/5/2025,Rensselaer CargoMax,6/4/2026,Rensselaer A900,RA_6246,MEV700110,Dec-2025,Rensselaer Regional 75,,RA_83741,RA-210,12/5/2025
RA_25937,Avionics Operations,RA-211,Rensselaer A220,RA_46457,RA_55543,RA_87517,RA_12551,RA_64437,Routine maintenance review identified a fleet systems condition requiring corrective action and scheduled engineering follow-up.,RA_76721,RA_43536,FlightNav Pro,MEV700111,RA_19891,,RA_94742,12/6/2025,Rensselaer A900,6/9/2026,Rensselaer CargoMax,RA_96724,MEV700111,Dec-2025,Rensselaer A900,RA_23595,RA_26639,RA-211,12/6/2025
RA_98032,Flight Systems Engineering,RA-212,Rensselaer A900,,RA_96975,RA_16319,RA_4287,RA_39867,Routine maintenance review identified a fleet systems condition requiring corrective action and scheduled engineering follow-up.,,,Altitude Manager,MEV700112,RA_21033,RA_38621,,12/6/2025,Rensselaer Regional 75,6/9/2026,Rensselaer CargoMax,RA_10066,MEV700112,Dec-2025,Rensselaer CargoMax,,RA_97111,RA-212,12/6/2025
RA_30204,Technical Operations Center,RA-213,Rensselaer Regional 75,,RA_32125,RA_84395,RA_76792,RA_73616,Routine maintenance review identified a fleet systems condition requiring corrective action and scheduled engineering follow-up.,,,FlightNav Pro,MEV700113,RA_68749,RA_54422,,12/6/2025,Rensselaer A330,6/9/2026,Rensselaer CargoMax,RA_86281,MEV700113,Dec-2025,Rensselaer A900,,RA_81167,RA-213,12/6/2025
RA_75556,Technical Operations Center,RA-214,Rensselaer Regional 75,,RA_71804,RA_90317,RA_48670,RA_85137,Routine maintenance review identified a fleet systems condition requiring corrective action and scheduled engineering follow-up.,,,AeroControl X,MEV700114,RA_54146,RA_39650,,12/6/2025,Rensselaer A900,6/4/2026,Rensselaer Regional 75,RA_88911,MEV700114,Dec-2025,Rensselaer A220,,RA_13632,RA-214,12/6/2025
RA_48725,Maintenance Excellence Group,RA-215,Rensselaer Regional 75,,RA_44219,RA_59787,RA_28134,RA_78342,Routine maintenance review identified a fleet systems condition requiring corrective action and scheduled engineering follow-up.,,,RunwayLink,MEV700115,RA_49833,RA_65210,,12/6/2025,Rensselaer Regional 75,6/4/2026,Rensselaer A900,RA_83647,MEV700115,Dec-2025,Rensselaer CargoMax,,RA_94090,RA-215,12/6/2025
RA_40464,Fleet Engineering East,RA-216,Rensselaer A900,RA_66192,RA_25915,RA_43347,RA_94844,RA_64078,Routine maintenance review identified a fleet systems condition requiring corrective action and scheduled engineering follow-up.,RA_29888,RA_26973,FleetPilot Central,MEV700116,RA_8530,,RA_69334,12/7/2025,Rensselaer A900,6/9/2026,Rensselaer Regional 75,RA_28615,MEV700116,Dec-2025,Rensselaer A900,RA_80975,RA_18214,RA-216,12/7/2025
RA_67454,Technical Operations Center,RA-217,Rensselaer A220,,RA_22628,RA_458,RA_53856,RA_90904,Routine maintenance review identified a fleet systems condition requiring corrective action and scheduled engineering follow-up.,,,RunwayLink,MEV700117,RA_69049,RA_65367,,12/14/2025,Rensselaer A330,6/4/2026,Rensselaer A220,RA_76816,MEV700117,Dec-2025,Rensselaer CargoMax,,RA_8398,RA-217,12/14/2025
RA_94571,Fleet Engineering West,RA-218,Rensselaer CargoMax,,RA_93971,RA_928,RA_67624,RA_17576,Routine maintenance review identified a fleet systems condition requiring corrective action and scheduled engineering follow-up.,,,AeroControl X,MEV700118,RA_94795,RA_7265,,12/14/2025,Rensselaer A330,6/4/2026,Rensselaer A220,RA_68602,MEV700118,Dec-2025,Rensselaer CargoMax,,RA_13240,RA-218,12/14/2025
RA_54225,Flight Systems Engineering,RA-219,Rensselaer Regional 75,,RA_88037,RA_70423,RA_27925,RA_53359,Routine maintenance review identified a fleet systems condition requiring corrective action and scheduled engineering follow-up.,,,RunwayLink,MEV700119,RA_87456,RA_1057,,12/14/2025,Rensselaer Regional 75,6/4/2026,Rensselaer A330,RA_75107,MEV700119,Dec-2025,Rensselaer Regional 75,,RA_4737,RA-219,12/14/2025
RA_66983,Technical Operations Center,RA-220,Rensselaer A330,,RA_76136,RA_26743,RA_95236,RA_97250,Routine maintenance review identified a fleet systems condition requiring corrective action and scheduled engineering follow-up.,,,AeroControl X,MEV700120,RA_57343,RA_50573,,12/14/2025,Rensselaer A220,6/4/2026,Rensselaer A220,RA_52562,MEV700120,Dec-2025,Rensselaer Regional 75,,RA_77001,RA-220,12/14/2025
RA_23118,Technical Operations Center,RA-221,Rensselaer A900,,RA_37746,RA_54800,RA_2621,RA_79201,Routine maintenance review identified a fleet systems condition requiring corrective action and scheduled engineering follow-up.,,,AeroTrack Vision,MEV700121,RA_73337,RA_14823,,12/15/2025,Rensselaer A330,6/4/2026,Rensselaer A900,RA_99325,MEV700121,Dec-2025,Rensselaer A220,,RA_94208,RA-221,12/15/2025
RA_8739,Aircraft Reliability Team,RA-222,Rensselaer Regional 75,,RA_50503,RA_40769,RA_66778,RA_47940,Routine maintenance review identified a fleet systems condition requiring corrective action and scheduled engineering follow-up.,,,AeroControl X,MEV700122,RA_58923,RA_28179,,12/15/2025,Rensselaer A330,6/4/2026,Rensselaer A900,RA_35963,MEV700122,Dec-2025,Rensselaer A900,,RA_16374,RA-222,12/15/2025
RA_31817,,RA-223,Rensselaer A900,,RA_33355,RA_37784,RA_80692,RA_38596,Routine maintenance review identified a fleet systems condition requiring corrective action and scheduled engineering follow-up.,,,AeroTrack Vision,MEV700123,RA_93850,RA_47086,,12/17/2025,Rensselaer A330,6/9/2026,Rensselaer A900,Routine maintenance review identified a fleet systems condition requiring corrective action and scheduled engineering follow-up.,MEV700123,Dec-2025,Rensselaer A330,,RA_71499,RA-223,12/17/2025
RA_90179,,RA-224,Rensselaer A330,,RA_10643,RA_30842,RA_75663,RA_45799,Routine maintenance review identified a fleet systems condition requiring corrective action and scheduled engineering follow-up.,,,AeroControl X,MEV700124,RA_76073,RA_88663,RA_33104,12/17/2025,Rensselaer A330,6/3/2026,Rensselaer CargoMax,,MEV700124,Dec-2025,Rensselaer A900,,RA_41649,RA-224,12/17/2025
RA_20037,Technical Operations Center,RA-225,Rensselaer Regional 75,RA_75574,RA_22215,RA_53760,RA_57727,RA_37645,Routine maintenance review identified a fleet systems condition requiring corrective action and scheduled engineering follow-up.,RA_48993,RA_70236,SkyLogic Suite,MEV700125,RA_77606,RA_37080,RA_70341,12/17/2025,Rensselaer A220,6/9/2026,Rensselaer CargoMax,,MEV700125,Dec-2025,Rensselaer CargoMax,RA_14712,RA_35056,RA-225,12/17/2025
RA_36080,Fleet Engineering West,RA-226,Rensselaer A220,RA_39932,RA_83386,RA_56844,RA_9351,RA_89238,Routine maintenance review identified a fleet systems condition requiring corrective action and scheduled engineering follow-up.,RA_71888,RA_96097,AeroTrack Vision,MEV700126,RA_59109,RA_46197,RA_95184,12/17/2025,Rensselaer CargoMax,6/9/2026,Rensselaer A900,,MEV700126,Dec-2025,Rensselaer A220,RA_92356,RA_93643,RA-226,12/17/2025
RA_33219,Fleet Engineering West,RA-227,Rensselaer A900,RA_6197,RA_16921,RA_94963,RA_72051,RA_25441,Routine maintenance review identified a fleet systems condition requiring corrective action and scheduled engineering follow-up.,RA_59973,RA_20061,Altitude Manager,MEV700127,RA_72783,RA_3234,RA_3540,12/17/2025,Rensselaer CargoMax,6/9/2026,Rensselaer A220,,MEV700127,Dec-2025,Rensselaer A220,RA_16887,RA_47341,RA-227,12/17/2025
RA_54515,Fleet Engineering West,RA-228,Rensselaer Regional 75,RA_81778,RA_71198,RA_46596,RA_64936,RA_35807,Routine maintenance review identified a fleet systems condition requiring corrective action and scheduled engineering follow-up.,RA_63535,RA_81316,FleetPilot Central,MEV700128,RA_24352,RA_4085,RA_31663,12/17/2025,Rensselaer A330,6/9/2026,Rensselaer A220,,MEV700128,Dec-2025,Rensselaer A330,RA_95432,RA_47373,RA-228,12/17/2025
RA_20347,,RA-229,Rensselaer Regional 75,,RA_65941,RA_720,RA_67498,RA_1667,Routine maintenance review identified a fleet systems condition requiring corrective action and scheduled engineering follow-up.,,,FlightNav Pro,MEV700129,RA_49253,RA_61179,RA_60192,12/19/2025,Rensselaer A220,6/4/2026,Rensselaer A330,RA_63483,MEV700129,Dec-2025,Rensselaer CargoMax,,RA_8154,RA-229,12/19/2025
RA_70898,,RA-230,Rensselaer A900,,RA_62801,RA_99036,RA_637,RA_5161,Routine maintenance review identified a fleet systems condition requiring corrective action and scheduled engineering follow-up.,,,RunwayLink,MEV700130,RA_29675,RA_42843,RA_29106,12/19/2025,Rensselaer A900,6/4/2026,Rensselaer Regional 75,RA_67477,MEV700130,Dec-2025,Rensselaer CargoMax,,RA_71882,RA-230,12/19/2025
RA_5016,Technical Operations Center,RA-231,Rensselaer A330,,RA_19254,RA_61167,RA_91048,RA_5873,Routine maintenance review identified a fleet systems condition requiring corrective action and scheduled engineering follow-up.,,,RunwayLink,MEV700131,RA_39076,RA_25830,,12/21/2025,Rensselaer A220,6/8/2026,Rensselaer A330,RA_40383,MEV700131,Dec-2025,Rensselaer A220,,RA_62880,RA-231,12/21/2025
RA_56529,Maintenance Excellence Group,RA-232,Rensselaer A900,RA_94962,RA_91142,RA_63268,RA_22495,RA_40376,Routine maintenance review identified a fleet systems condition requiring corrective action and scheduled engineering follow-up.,,,RunwayLink,MEV700132,RA_14750,RA_10738,RA_10379,12/22/2025,Rensselaer Regional 75,6/5/2026,Rensselaer Regional 75,RA_1715,MEV700132,Dec-2025,Rensselaer A220,RA_37146,RA_72273,RA-232,12/22/2025
RA_25853,Maintenance Excellence Group,RA-233,Rensselaer CargoMax,RA_9132,RA_12491,RA_82882,RA_40716,RA_84421,Routine maintenance review identified a fleet systems condition requiring corrective action and scheduled engineering follow-up.,,,AeroTrack Vision,MEV700133,RA_96907,RA_27274,RA_76150,12/22/2025,Rensselaer A900,6/5/2026,Rensselaer A220,RA_55780,MEV700133,Dec-2025,Rensselaer A330,RA_47164,RA_82369,RA-233,12/22/2025
RA_88848,Avionics Operations,RA-234,Rensselaer A220,,RA_68827,RA_1576,RA_97141,RA_62055,Routine maintenance review identified a fleet systems condition requiring corrective action and scheduled engineering follow-up.,,,FlightNav Pro,MEV700134,RA_16056,RA_3334,,12/28/2025,Rensselaer CargoMax,6/4/2026,Rensselaer A900,RA_27918,MEV700134,Dec-2025,Rensselaer A330,,RA_24168,RA-234,12/28/2025
RA_80448,Flight Systems Engineering,RA-235,Rensselaer A330,,RA_98355,RA_59092,RA_2584,RA_13320,Routine maintenance review identified a fleet systems condition requiring corrective action and scheduled engineering follow-up.,,,Altitude Manager,MEV700135,RA_16798,RA_94395,,12/28/2025,Rensselaer CargoMax,6/4/2026,Rensselaer CargoMax,RA_21898,MEV700135,Dec-2025,Rensselaer Regional 75,,RA_11492,RA-235,12/28/2025
RA_23514,Fleet Engineering East,RA-236,Rensselaer A220,,RA_36564,RA_69302,RA_37191,RA_47819,Routine maintenance review identified a fleet systems condition requiring corrective action and scheduled engineering follow-up.,,,AeroControl X,MEV700136,RA_18786,RA_19937,RA_13863,12/29/2025,Rensselaer A220,6/5/2026,Rensselaer A330,RA_26690,MEV700136,Dec-2025,Rensselaer A220,RA_64557,RA_58418,RA-236,12/29/2025
RA_37532,Maintenance Excellence Group,RA-237,Rensselaer A220,,RA_98881,RA_282,RA_2082,RA_27065,Routine maintenance review identified a fleet systems condition requiring corrective action and scheduled engineering follow-up.,,,AeroTrack Vision,MEV700137,RA_21281,RA_42390,RA_14394,12/29/2025,Rensselaer CargoMax,6/5/2026,Rensselaer A330,RA_66511,MEV700137,Dec-2025,Rensselaer A330,RA_61459,RA_51890,RA-237,12/29/2025
RA_19686,Maintenance Excellence Group,RA-238,Rensselaer A900,,RA_65806,RA_66525,RA_21873,RA_30286,Routine maintenance review identified a fleet systems condition requiring corrective action and scheduled engineering follow-up.,,,AeroControl X,MEV700138,RA_28060,RA_65211,,1/7/2026,Rensselaer A220,6/8/2026,Rensselaer A220,,MEV700138,Jan-2026,Rensselaer CargoMax,,RA_34419,RA-238,1/7/2026
RA_35205,Avionics Operations,RA-239,Rensselaer CargoMax,,RA_94407,RA_93746,RA_99966,RA_76205,Routine maintenance review identified a fleet systems condition requiring corrective action and scheduled engineering follow-up.,,,FleetPilot Central,MEV700139,RA_66768,RA_73806,,1/7/2026,Rensselaer A220,6/8/2026,Rensselaer Regional 75,RA_13426,MEV700139,Jan-2026,Rensselaer Regional 75,,RA_1479,RA-239,1/7/2026
RA_7068,Flight Systems Engineering,RA-240,Rensselaer Regional 75,,RA_78136,RA_83087,RA_48828,RA_34682,Routine maintenance review identified a fleet systems condition requiring corrective action and scheduled engineering follow-up.,,,RunwayLink,MEV700140,RA_28421,RA_110,RA_38605,1/15/2026,Rensselaer A220,6/9/2026,Rensselaer A330,RA_42778,MEV700140,Jan-2026,Rensselaer A220,,RA_70679,RA-240,1/15/2026
RA_38968,Flight Systems Engineering,RA-241,Rensselaer CargoMax,,RA_27389,RA_11307,RA_74222,RA_44897,Routine maintenance review identified a fleet systems condition requiring corrective action and scheduled engineering follow-up.,,,FlightNav Pro,MEV700141,RA_40050,RA_6638,RA_17996,1/15/2026,Rensselaer A220,6/9/2026,Rensselaer Regional 75,RA_82699,MEV700141,Jan-2026,Rensselaer A330,,RA_24603,RA-241,1/15/2026
RA_71949,,RA-242,Rensselaer A330,,RA_96807,RA_97248,RA_72909,RA_19741,Routine maintenance review identified a fleet systems condition requiring corrective action and scheduled engineering follow-up.,,,AeroControl X,MEV700142,RA_95165,RA_27446,,1/16/2026,Rensselaer A220,6/4/2026,Rensselaer A330,RA_52265,MEV700142,Jan-2026,Rensselaer A220,,RA_51528,RA-242,1/16/2026
RA_65125,,RA-243,Rensselaer CargoMax,,RA_54057,RA_70249,RA_38488,RA_20517,Routine maintenance review identified a fleet systems condition requiring corrective action and scheduled engineering follow-up.,,,SkyLogic Suite,MEV700143,RA_31285,RA_40985,,1/16/2026,Rensselaer Regional 75,6/4/2026,Rensselaer A900,RA_59078,MEV700143,Jan-2026,Rensselaer Regional 75,,RA_17607,RA-243,1/16/2026
RA_12570,Fleet Engineering West,RA-244,Rensselaer A220,,RA_98976,RA_72467,RA_11320,RA_35887,Routine maintenance review identified a fleet systems condition requiring corrective action and scheduled engineering follow-up.,,,FleetPilot Central,MEV700144,RA_20070,RA_31373,RA_28548,1/16/2026,Rensselaer Regional 75,6/9/2026,Rensselaer A220,RA_19551,MEV700144,Jan-2026,Rensselaer A900,,RA_85179,RA-244,1/16/2026
RA_48316,Technical Operations Center,RA-245,Rensselaer Regional 75,,RA_14964,RA_21434,RA_29881,RA_5622,Routine maintenance review identified a fleet systems condition requiring corrective action and scheduled engineering follow-up.,,,RunwayLink,MEV700145,RA_14055,RA_67260,RA_4101,1/16/2026,Rensselaer Regional 75,6/9/2026,Rensselaer Regional 75,RA_68690,MEV700145,Jan-2026,Rensselaer A220,,RA_89377,RA-245,1/16/2026
RA_36277,,RA-246,Rensselaer CargoMax,,RA_90242,RA_66079,RA_42961,RA_84316,Routine maintenance review identified a fleet systems condition requiring corrective action and scheduled engineering follow-up.,,,SkyLogic Suite,MEV700146,RA_83733,RA_849,,1/17/2026,Rensselaer A220,6/4/2026,Rensselaer A220,RA_63077,MEV700146,Jan-2026,Rensselaer A220,,RA_30829,RA-246,1/17/2026
RA_33777,,RA-247,Rensselaer Regional 75,,RA_26926,RA_43821,RA_92430,RA_53429,Routine maintenance review identified a fleet systems condition requiring corrective action and scheduled engineering follow-up.,,,AeroTrack Vision,MEV700147,RA_27902,RA_72276,,1/17/2026,Rensselaer CargoMax,6/4/2026,Rensselaer CargoMax,RA_70813,MEV700147,Jan-2026,Rensselaer A220,,RA_87342,RA-247,1/17/2026
RA_25719,,RA-248,Rensselaer CargoMax,,RA_83581,RA_11596,RA_52597,RA_27497,Routine maintenance review identified a fleet systems condition requiring corrective action and scheduled engineering follow-up.,,,AeroTrack Vision,MEV700148,RA_55033,RA_94199,,1/31/2026,Rensselaer A900,6/4/2026,Rensselaer A220,RA_62851,MEV700148,Jan-2026,Rensselaer A220,,RA_17474,RA-248,1/31/2026
RA_28086,,RA-249,Rensselaer Regional 75,,RA_97042,RA_81161,RA_58206,RA_40086,Routine maintenance review identified a fleet systems condition requiring corrective action and scheduled engineering follow-up.,,,AeroTrack Vision,MEV700149,RA_21102,RA_84036,,1/31/2026,Rensselaer Regional 75,6/4/2026,Rensselaer Regional 75,RA_78294,MEV700149,Jan-2026,Rensselaer A330,,RA_53210,RA-249,1/31/2026
RA_66125,,RA-250,Rensselaer CargoMax,,RA_6723,RA_92945,RA_79330,RA_64816,Routine maintenance review identified a fleet systems condition requiring corrective action and scheduled engineering follow-up.,,,SkyLogic Suite,MEV700150,RA_95918,RA_67663,,2/2/2026,Rensselaer A330,6/4/2026,Rensselaer Regional 75,RA_84768,MEV700150,Feb-2026,Rensselaer A900,,RA_17003,RA-250,2/2/2026
RA_68413,,RA-251,Rensselaer A330,,RA_38841,RA_90791,RA_35133,RA_32817,Routine maintenance review identified a fleet systems condition requiring corrective action and scheduled engineering follow-up.,,,Altitude Manager,MEV700151,RA_47178,RA_6088,,2/2/2026,Rensselaer A330,6/4/2026,Rensselaer CargoMax,RA_65193,MEV700151,Feb-2026,Rensselaer CargoMax,,RA_49320,RA-251,2/2/2026
RA_55976,Fleet Engineering East,RA-252,Rensselaer Regional 75,RA_62924,RA_60425,RA_6476,RA_59532,RA_7047,Routine maintenance review identified a fleet systems condition requiring corrective action and scheduled engineering follow-up.,,,Altitude Manager,MEV700152,RA_57138,RA_10140,RA_54727,2/2/2026,Rensselaer A220,6/5/2026,Rensselaer CargoMax,RA_47651,MEV700152,Feb-2026,Rensselaer A220,,RA_60645,RA-252,2/2/2026
RA_75118,Fleet Engineering East,RA-253,Rensselaer A900,RA_77043,RA_76791,RA_28721,RA_88726,RA_19934,Routine maintenance review identified a fleet systems condition requiring corrective action and scheduled engineering follow-up.,,,RunwayLink,MEV700153,RA_13310,RA_67841,RA_59397,2/2/2026,Rensselaer A900,6/5/2026,Rensselaer A330,RA_59246,MEV700153,Feb-2026,Rensselaer CargoMax,,RA_12206,RA-253,2/2/2026
RA_6341,Fleet Engineering East,RA-254,Rensselaer A220,RA_29574,RA_69109,RA_4213,RA_77659,RA_67712,Routine maintenance review identified a fleet systems condition requiring corrective action and scheduled engineering follow-up.,,,SkyLogic Suite,MEV700154,RA_17391,RA_23234,RA_49722,2/2/2026,Rensselaer Regional 75,6/5/2026,Rensselaer Regional 75,RA_79291,MEV700154,Feb-2026,Rensselaer A330,,RA_88668,RA-254,2/2/2026
RA_74868,Fleet Engineering West,RA-255,Rensselaer Regional 75,RA_86792,RA_86523,RA_92696,RA_61029,RA_36609,Routine maintenance review identified a fleet systems condition requiring corrective action and scheduled engineering follow-up.,,,Altitude Manager,MEV700155,RA_36119,RA_21182,RA_94255,2/2/2026,Rensselaer A220,6/5/2026,Rensselaer A220,RA_40250,MEV700155,Feb-2026,Rensselaer A900,,RA_77535,RA-255,2/2/2026
RA_1551,Flight Systems Engineering,RA-256,Rensselaer A220,RA_13115,RA_58581,RA_87874,RA_78512,RA_72009,Routine maintenance review identified a fleet systems condition requiring corrective action and scheduled engineering follow-up.,,,SkyLogic Suite,MEV700156,RA_61884,RA_71658,RA_43214,2/2/2026,Rensselaer CargoMax,6/5/2026,Rensselaer CargoMax,RA_54089,MEV700156,Feb-2026,Rensselaer Regional 75,,RA_61645,RA-256,2/2/2026
RA_29928,Fleet Engineering West,RA-257,Rensselaer CargoMax,RA_24665,RA_76131,RA_92232,RA_60906,RA_37,Routine maintenance review identified a fleet systems condition requiring corrective action and scheduled engineering follow-up.,,,AeroControl X,MEV700157,RA_31447,RA_57639,RA_73742,2/2/2026,Rensselaer A900,6/5/2026,Rensselaer A220,RA_17417,MEV700157,Feb-2026,Rensselaer Regional 75,,RA_36808,RA-257,2/2/2026
RA_22653,Fleet Engineering East,RA-258,Rensselaer CargoMax,RA_54810,RA_33762,RA_21795,RA_59750,RA_22083,Routine maintenance review identified a fleet systems condition requiring corrective action and scheduled engineering follow-up.,,,Altitude Manager,MEV700158,RA_81247,RA_26884,RA_2869,2/3/2026,Rensselaer CargoMax,6/5/2026,Rensselaer CargoMax,RA_68998,MEV700158,Feb-2026,Rensselaer Regional 75,,RA_84769,RA-258,2/3/2026
RA_7053,Flight Systems Engineering,RA-259,Rensselaer CargoMax,RA_70991,RA_56994,RA_37470,RA_25032,RA_79331,Routine maintenance review identified a fleet systems condition requiring corrective action and scheduled engineering follow-up.,,,SkyLogic Suite,MEV700159,RA_73437,RA_83495,RA_6049,2/3/2026,Rensselaer CargoMax,6/5/2026,Rensselaer Regional 75,RA_94434,MEV700159,Feb-2026,Rensselaer Regional 75,,RA_54797,RA-259,2/3/2026
RA_26923,,RA-260,Rensselaer CargoMax,,RA_1583,RA_97759,RA_60362,RA_6080,Routine maintenance review identified a fleet systems condition requiring corrective action and scheduled engineering follow-up.,,,AeroTrack Vision,MEV700160,RA_86892,RA_85253,,2/4/2026,Rensselaer A330,6/9/2026,Rensselaer CargoMax,Routine maintenance review identified a fleet systems condition requiring corrective action and scheduled engineering follow-up.,MEV700160,Feb-2026,Rensselaer Regional 75,,RA_60785,RA-260,2/4/2026
RA_3132,Fleet Engineering East,RA-261,Rensselaer CargoMax,RA_86438,RA_31663,RA_21579,RA_52086,RA_37008,Routine maintenance review identified a fleet systems condition requiring corrective action and scheduled engineering follow-up.,,,FleetPilot Central,MEV700161,RA_50453,RA_24264,RA_18806,2/4/2026,Rensselaer Regional 75,6/5/2026,Rensselaer Regional 75,RA_11884,MEV700161,Feb-2026,Rensselaer A900,,RA_46112,RA-261,2/4/2026
RA_79169,Avionics Operations,RA-262,Rensselaer A330,RA_25174,RA_58692,RA_66696,RA_98783,RA_75513,Routine maintenance review identified a fleet systems condition requiring corrective action and scheduled engineering follow-up.,,,RunwayLink,MEV700162,RA_46251,RA_84947,RA_55196,2/4/2026,Rensselaer A220,6/5/2026,Rensselaer CargoMax,RA_36936,MEV700162,Feb-2026,Rensselaer A220,,RA_51952,RA-262,2/4/2026
RA_83064,Flight Systems Engineering,RA-263,Rensselaer A220,RA_17118,RA_53692,RA_10060,RA_73764,RA_13701,Routine maintenance review identified a fleet systems condition requiring corrective action and scheduled engineering follow-up.,,,FleetPilot Central,MEV700163,RA_47521,RA_81758,RA_84700,2/5/2026,Rensselaer CargoMax,6/5/2026,Rensselaer A330,RA_67107,MEV700163,Feb-2026,Rensselaer Regional 75,,RA_74671,RA-263,2/5/2026
RA_86552,Fleet Engineering West,RA-264,Rensselaer Regional 75,RA_25793,RA_57916,RA_84003,RA_13069,RA_37261,Routine maintenance review identified a fleet systems condition requiring corrective action and scheduled engineering follow-up.,,,Altitude Manager,MEV700164,RA_71899,RA_15985,RA_54418,2/5/2026,Rensselaer CargoMax,6/5/2026,Rensselaer CargoMax,RA_16713,MEV700164,Feb-2026,Rensselaer A220,,RA_61986,RA-264,2/5/2026
RA_14743,Technical Operations Center,RA-265,Rensselaer A330,RA_30868,RA_64353,RA_66702,RA_35019,RA_85907,Routine maintenance review identified a fleet systems condition requiring corrective action and scheduled engineering follow-up.,,,FleetPilot Central,MEV700165,RA_60585,RA_65611,RA_34095,2/6/2026,Rensselaer A220,6/5/2026,Rensselaer A330,RA_80131,MEV700165,Feb-2026,Rensselaer CargoMax,,RA_59026,RA-265,2/6/2026
RA_59309,Fleet Engineering West,RA-266,Rensselaer A330,RA_31113,RA_79989,RA_74781,RA_1937,RA_4256,Routine maintenance review identified a fleet systems condition requiring corrective action and scheduled engineering follow-up.,,,FlightNav Pro,MEV700166,RA_57214,RA_82780,RA_23184,2/6/2026,Rensselaer A900,6/5/2026,Rensselaer A330,RA_3733,MEV700166,Feb-2026,Rensselaer A220,,RA_42994,RA-266,2/6/2026
RA_48793,Avionics Operations,RA-267,Rensselaer A330,,RA_35045,RA_11186,RA_64446,RA_48204,Routine maintenance review identified a fleet systems condition requiring corrective action and scheduled engineering follow-up.,,,FlightNav Pro,MEV700167,RA_22630,RA_96977,,2/15/2026,Rensselaer A220,6/4/2026,Rensselaer A220,RA_38245,MEV700167,Feb-2026,Rensselaer CargoMax,,RA_90512,RA-267,2/15/2026
RA_52391,Maintenance Excellence Group,RA-268,Rensselaer A330,,RA_31173,RA_58201,RA_95406,RA_92220,Routine maintenance review identified a fleet systems condition requiring corrective action and scheduled engineering follow-up.,,,FleetPilot Central,MEV700168,RA_49802,RA_34586,,2/15/2026,Rensselaer A220,6/4/2026,Rensselaer Regional 75,RA_99808,MEV700168,Feb-2026,Rensselaer A220,,RA_89091,RA-268,2/15/2026
RA_18243,Fleet Engineering West,RA-269,Rensselaer A330,,RA_37362,RA_83361,RA_4861,RA_56341,Routine maintenance review identified a fleet systems condition requiring corrective action and scheduled engineering follow-up.,,,AeroTrack Vision,MEV700169,RA_18761,RA_90064,,2/16/2026,Rensselaer Regional 75,6/4/2026,Rensselaer CargoMax,RA_98562,MEV700169,Feb-2026,Rensselaer CargoMax,,RA_22648,RA-269,2/16/2026
RA_91628,Technical Operations Center,RA-270,Rensselaer A220,,RA_33037,RA_28779,RA_27140,RA_62481,Routine maintenance review identified a fleet systems condition requiring corrective action and scheduled engineering follow-up.,,,RunwayLink,MEV700170,RA_1753,RA_25413,,2/16/2026,Rensselaer A330,6/4/2026,Rensselaer CargoMax,RA_42753,MEV700170,Feb-2026,Rensselaer A220,,RA_84867,RA-270,2/16/2026
RA_98543,Technical Operations Center,RA-271,Rensselaer Regional 75,,RA_65412,RA_60051,RA_5928,RA_78508,Routine maintenance review identified a fleet systems condition requiring corrective action and scheduled engineering follow-up.,,,RunwayLink,MEV700171,RA_71845,RA_20956,RA_46834,2/19/2026,Rensselaer CargoMax,6/5/2026,Rensselaer A900,RA_67602,MEV700171,Feb-2026,Rensselaer A220,,RA_94857,RA-271,2/19/2026
RA_20296,Technical Operations Center,RA-272,Rensselaer A220,,RA_78355,RA_77807,RA_81910,RA_63824,Routine maintenance review identified a fleet systems condition requiring corrective action and scheduled engineering follow-up.,,,SkyLogic Suite,MEV700172,RA_81019,RA_50799,RA_1616,4/22/2026,Rensselaer A330,5/26/2026,Rensselaer CargoMax,RA_77532,MEV700172,Apr-2026,Rensselaer A900,,RA_7774,RA-272,4/22/2026
RA_76127,Avionics Operations,RA-273,Rensselaer Regional 75,,RA_80757,RA_56986,RA_473,RA_96423,Routine maintenance review identified a fleet systems condition requiring corrective action and scheduled engineering follow-up.,,,FleetPilot Central,MEV700173,RA_96725,RA_58615,,5/16/2026,Rensselaer A900,6/8/2026,Rensselaer Regional 75,RA_5467,MEV700173,May-2026,Rensselaer CargoMax,,RA_13044,RA-273,5/16/2026
RA_11831,Fleet Engineering East,RA-274,Rensselaer A330,,RA_40254,RA_98597,RA_7730,RA_79295,Routine maintenance review identified a fleet systems condition requiring corrective action and scheduled engineering follow-up.,,,AeroTrack Vision,MEV700174,RA_36185,RA_54899,,5/16/2026,Rensselaer CargoMax,6/8/2026,Rensselaer Regional 75,Routine maintenance review identified a fleet systems condition requiring corrective action and scheduled engineering follow-up.,MEV700174,May-2026,Rensselaer A220,,RA_18691,RA-274,5/16/2026
RA_53729,Fleet Engineering East,RA-275,Rensselaer A330,,RA_11744,RA_28685,RA_18326,RA_42294,Routine maintenance review identified a fleet systems condition requiring corrective action and scheduled engineering follow-up.,,,FleetPilot Central,MEV700175,RA_64897,RA_56700,,5/16/2026,Rensselaer A330,6/8/2026,Rensselaer CargoMax,RA_79911,MEV700175,May-2026,Rensselaer A900,,RA_21877,RA-275,5/16/2026
RA_65372,Fleet Engineering West,RA-276,Rensselaer CargoMax,,RA_73884,RA_68486,RA_46411,RA_54459,Routine maintenance review identified a fleet systems condition requiring corrective action and scheduled engineering follow-up.,,,FleetPilot Central,MEV700176,RA_27969,RA_7656,,5/16/2026,Rensselaer A900,6/8/2026,Rensselaer A330,RA_77859,MEV700176,May-2026,Rensselaer A900,,RA_98267,RA-276,5/16/2026
RA_71738,Flight Systems Engineering,RA-277,Rensselaer A900,,RA_76602,RA_80789,RA_1445,RA_35908,Routine maintenance review identified a fleet systems condition requiring corrective action and scheduled engineering follow-up.,,,SkyLogic Suite,MEV700177,RA_49827,RA_74836,,5/16/2026,Rensselaer Regional 75,6/8/2026,Rensselaer A900,Routine maintenance review identified a fleet systems condition requiring corrective action and scheduled engineering follow-up.,MEV700177,May-2026,Rensselaer CargoMax,,RA_49046,RA-277,5/16/2026
RA_43954,Maintenance Excellence Group,RA-278,Rensselaer A900,,RA_48092,RA_28758,RA_66995,RA_49359,Routine maintenance review identified a fleet systems condition requiring corrective action and scheduled engineering follow-up.,,,SkyLogic Suite,MEV700178,RA_10155,RA_49138,,5/16/2026,Rensselaer A900,6/8/2026,Rensselaer Regional 75,RA_59443,MEV700178,May-2026,Rensselaer A220,,RA_33409,RA-278,5/16/2026
RA_88678,Fleet Engineering West,RA-279,Rensselaer A220,,RA_67580,RA_15570,RA_37015,RA_92614,Routine maintenance review identified a fleet systems condition requiring corrective action and scheduled engineering follow-up.,,,AeroTrack Vision,MEV700179,RA_26527,RA_95823,,5/16/2026,Rensselaer A330,6/8/2026,Rensselaer A900,RA_12494,MEV700179,May-2026,Rensselaer A900,,RA_5755,RA-279,5/16/2026
RA_47628,Technical Operations Center,RA-280,Rensselaer A220,,RA_382,RA_27463,RA_49088,RA_19516,Routine maintenance review identified a fleet systems condition requiring corrective action and scheduled engineering follow-up.,,,FlightNav Pro,MEV700180,RA_49157,RA_49105,,5/16/2026,Rensselaer A220,6/8/2026,Rensselaer A900,Routine maintenance review identified a fleet systems condition requiring corrective action and scheduled engineering follow-up.,MEV700180,May-2026,Rensselaer Regional 75,,RA_58059,RA-280,5/16/2026
RA_82683,Fleet Engineering East,RA-281,Rensselaer Regional 75,,RA_87637,RA_35967,RA_85202,RA_30190,Routine maintenance review identified a fleet systems condition requiring corrective action and scheduled engineering follow-up.,,,Altitude Manager,MEV700181,RA_20541,RA_47293,,5/16/2026,Rensselaer CargoMax,6/8/2026,Rensselaer Regional 75,RA_28331,MEV700181,May-2026,Rensselaer Regional 75,,RA_21150,RA-281,5/16/2026
RA_86862,Technical Operations Center,RA-282,Rensselaer CargoMax,,RA_77577,RA_3439,RA_86274,RA_39067,Routine maintenance review identified a fleet systems condition requiring corrective action and scheduled engineering follow-up.,,,FlightNav Pro,MEV700182,RA_2156,RA_8912,,5/16/2026,Rensselaer Regional 75,6/8/2026,Rensselaer A330,Routine maintenance review identified a fleet systems condition requiring corrective action and scheduled engineering follow-up.,MEV700182,May-2026,Rensselaer Regional 75,,RA_93247,RA-282,5/16/2026
RA_73138,Flight Systems Engineering,RA-283,Rensselaer Regional 75,,RA_49085,RA_22459,RA_44955,RA_84951,Routine maintenance review identified a fleet systems condition requiring corrective action and scheduled engineering follow-up.,,,SkyLogic Suite,MEV700183,RA_98773,RA_76122,,5/16/2026,Rensselaer A330,6/8/2026,Rensselaer A330,RA_89647,MEV700183,May-2026,Rensselaer A220,,RA_33904,RA-283,5/16/2026
RA_29639,Technical Operations Center,RA-284,Rensselaer CargoMax,,RA_23686,RA_95886,RA_95238,RA_49204,Routine maintenance review identified a fleet systems condition requiring corrective action and scheduled engineering follow-up.,,,SkyLogic Suite,MEV700184,RA_63388,RA_43463,,5/16/2026,Rensselaer Regional 75,6/8/2026,Rensselaer Regional 75,RA_76388,MEV700184,May-2026,Rensselaer Regional 75,,RA_46591,RA-284,5/16/2026
RA_67787,Avionics Operations,RA-285,Rensselaer A900,,RA_9482,RA_15364,RA_22576,RA_68350,Routine maintenance review identified a fleet systems condition requiring corrective action and scheduled engineering follow-up.,,,AeroTrack Vision,MEV700185,RA_87204,RA_98455,,5/16/2026,Rensselaer A900,6/8/2026,Rensselaer CargoMax,Routine maintenance review identified a fleet systems condition requiring corrective action and scheduled engineering follow-up.,MEV700185,May-2026,Rensselaer A330,,RA_53270,RA-285,5/16/2026
RA_56305,Fleet Engineering East,RA-286,Rensselaer A900,,RA_71186,RA_12419,RA_77125,RA_31769,Routine maintenance review identified a fleet systems condition requiring corrective action and scheduled engineering follow-up.,,,SkyLogic Suite,MEV700186,RA_80258,RA_4808,,5/16/2026,Rensselaer A330,6/8/2026,Rensselaer CargoMax,RA_18559,MEV700186,May-2026,Rensselaer CargoMax,,RA_64677,RA-286,5/16/2026
RA_66573,Avionics Operations,RA-287,Rensselaer CargoMax,,RA_16139,RA_41775,RA_12688,RA_49700,Routine maintenance review identified a fleet systems condition requiring corrective action and scheduled engineering follow-up.,,,RunwayLink,MEV700187,RA_99464,RA_25821,,5/16/2026,Rensselaer A220,6/8/2026,Rensselaer A900,RA_79809,MEV700187,May-2026,Rensselaer A330,,RA_55868,RA-287,5/16/2026
RA_2057,Maintenance Excellence Group,RA-288,Rensselaer Regional 75,,RA_43513,RA_48650,RA_23373,RA_26116,Routine maintenance review identified a fleet systems condition requiring corrective action and scheduled engineering follow-up.,,,SkyLogic Suite,MEV700188,RA_94941,RA_17584,,5/16/2026,Rensselaer A220,6/8/2026,Rensselaer CargoMax,Routine maintenance review identified a fleet systems condition requiring corrective action and scheduled engineering follow-up.,MEV700188,May-2026,Rensselaer A330,,RA_99699,RA-288,5/16/2026
RA_68882,Maintenance Excellence Group,RA-289,Rensselaer A220,,RA_76040,RA_57780,RA_40720,RA_93033,Routine maintenance review identified a fleet systems condition requiring corrective action and scheduled engineering follow-up.,,,SkyLogic Suite,MEV700189,RA_42039,RA_84768,,5/17/2026,Rensselaer A220,6/8/2026,Rensselaer A900,Routine maintenance review identified a fleet systems condition requiring corrective action and scheduled engineering follow-up.,MEV700189,May-2026,Rensselaer Regional 75,,RA_44670,RA-289,5/17/2026
RA_9283,Aircraft Reliability Team,RA-290,Rensselaer CargoMax,,RA_36029,RA_60703,RA_52926,RA_61325,Routine maintenance review identified a fleet systems condition requiring corrective action and scheduled engineering follow-up.,,,AeroTrack Vision,MEV700190,RA_17254,RA_68831,,5/17/2026,Rensselaer A220,6/8/2026,Rensselaer CargoMax,RA_93622,MEV700190,May-2026,Rensselaer CargoMax,,RA_62636,RA-290,5/17/2026
RA_4384,Flight Systems Engineering,RA-291,Rensselaer CargoMax,,RA_30009,RA_60315,RA_55774,RA_54795,Routine maintenance review identified a fleet systems condition requiring corrective action and scheduled engineering follow-up.,,,AeroTrack Vision,MEV700191,RA_44682,RA_16778,,5/17/2026,Rensselaer CargoMax,6/8/2026,Rensselaer A330,Routine maintenance review identified a fleet systems condition requiring corrective action and scheduled engineering follow-up.,MEV700191,May-2026,Rensselaer A900,,RA_2114,RA-291,5/17/2026
RA_80936,Fleet Engineering East,RA-292,Rensselaer CargoMax,,RA_7632,RA_57445,RA_29899,RA_31097,Routine maintenance review identified a fleet systems condition requiring corrective action and scheduled engineering follow-up.,,,AeroTrack Vision,MEV700192,RA_14472,RA_65338,,5/17/2026,Rensselaer Regional 75,6/8/2026,Rensselaer A330,RA_21056,MEV700192,May-2026,Rensselaer A330,,RA_29877,RA-292,5/17/2026
RA_52348,Avionics Operations,RA-293,Rensselaer Regional 75,,RA_24865,RA_49020,RA_15425,RA_77316,Routine maintenance review identified a fleet systems condition requiring corrective action and scheduled engineering follow-up.,,,SkyLogic Suite,MEV700193,RA_78033,RA_74439,,5/18/2026,Rensselaer A330,6/8/2026,Rensselaer A330,Routine maintenance review identified a fleet systems condition requiring corrective action and scheduled engineering follow-up.,MEV700193,May-2026,Rensselaer A900,,RA_12008,RA-293,5/18/2026
RA_14357,Avionics Operations,RA-294,Rensselaer A220,,RA_28332,RA_98732,RA_59675,RA_40747,Routine maintenance review identified a fleet systems condition requiring corrective action and scheduled engineering follow-up.,,,AeroControl X,MEV700194,RA_60141,RA_72033,,5/18/2026,Rensselaer A220,6/8/2026,Rensselaer CargoMax,RA_95299,MEV700194,May-2026,Rensselaer A900,,RA_20910,RA-294,5/18/2026
RA_36686,Avionics Operations,RA-295,Rensselaer Regional 75,,RA_65176,RA_87050,RA_22968,RA_99563,Routine maintenance review identified a fleet systems condition requiring corrective action and scheduled engineering follow-up.,,,AeroControl X,MEV700195,RA_12497,RA_96854,,5/18/2026,Rensselaer CargoMax,6/8/2026,Rensselaer A900,Routine maintenance review identified a fleet systems condition requiring corrective action and scheduled engineering follow-up.,MEV700195,May-2026,Rensselaer A220,,RA_50203,RA-295,5/18/2026
RA_47642,Fleet Engineering West,RA-296,Rensselaer A330,,RA_72594,RA_51330,RA_80733,RA_31928,Routine maintenance review identified a fleet systems condition requiring corrective action and scheduled engineering follow-up.,,,FleetPilot Central,MEV700196,RA_8739,RA_67271,,5/18/2026,Rensselaer A220,6/8/2026,Rensselaer A900,RA_3826,MEV700196,May-2026,Rensselaer CargoMax,,RA_37421,RA-296,5/18/2026
RA_63767,Fleet Engineering West,RA-297,Rensselaer A330,,RA_65497,RA_209,RA_85304,RA_27755,Routine maintenance review identified a fleet systems condition requiring corrective action and scheduled engineering follow-up.,,,RunwayLink,MEV700197,RA_56978,RA_16682,RA_49399,5/20/2026,Rensselaer A220,6/9/2026,Rensselaer A330,RA_81228,MEV700197,May-2026,Rensselaer CargoMax,,RA_63057,RA-297,5/20/2026
RA_63514,Maintenance Excellence Group,RA-298,Rensselaer CargoMax,,RA_42845,RA_60333,RA_62066,RA_67120,Routine maintenance review identified a fleet systems condition requiring corrective action and scheduled engineering follow-up.,,,AeroControl X,MEV700198,RA_61612,RA_92208,RA_83518,5/20/2026,Rensselaer A900,6/9/2026,Rensselaer A330,RA_51540,MEV700198,May-2026,Rensselaer A330,,RA_68192,RA-298,5/20/2026
RA_81386,Aircraft Reliability Team,RA-299,Rensselaer CargoMax,,RA_64914,RA_23937,RA_7221,RA_30077,Routine maintenance review identified a fleet systems condition requiring corrective action and scheduled engineering follow-up.,,,FlightNav Pro,MEV700199,RA_77800,RA_80240,RA_10526,5/27/2026,Rensselaer A330,6/9/2026,Rensselaer CargoMax,RA_14774,MEV700199,May-2026,Rensselaer A220,,RA_7645,RA-299,5/27/2026
RA_97354,Technical Operations Center,RA-300,Rensselaer CargoMax,,RA_34413,RA_55530,RA_25346,RA_85048,Routine maintenance review identified a fleet systems condition requiring corrective action and scheduled engineering follow-up.,,,RunwayLink,MEV700200,RA_12837,RA_48576,RA_58388,5/27/2026,Rensselaer Regional 75,6/9/2026,Rensselaer CargoMax,RA_17948,MEV700200,May-2026,Rensselaer A220,,RA_21672,RA-300,5/27/2026
RA_95720,Maintenance Excellence Group,RA-301,Rensselaer A220,,RA_56299,RA_16036,RA_16858,RA_20256,Routine maintenance review identified a fleet systems condition requiring corrective action and scheduled engineering follow-up.,,,RunwayLink,MEV700201,RA_90198,RA_57444,RA_24414,5/27/2026,Rensselaer A900,6/9/2026,Rensselaer A900,RA_44486,MEV700201,May-2026,Rensselaer A220,,RA_10015,RA-301,5/27/2026
RA_69295,Aircraft Reliability Team,RA-302,Rensselaer A220,,RA_31740,RA_35254,RA_21861,RA_81667,Routine maintenance review identified a fleet systems condition requiring corrective action and scheduled engineering follow-up.,,,RunwayLink,MEV700202,RA_25935,RA_31236,RA_18650,5/27/2026,Rensselaer A900,6/9/2026,Rensselaer A220,RA_18451,MEV700202,May-2026,Rensselaer CargoMax,,RA_55165,RA-302,5/27/2026
RA_18597,Maintenance Excellence Group,RA-303,Rensselaer CargoMax,,RA_17128,RA_97824,RA_43222,RA_12180,Routine maintenance review identified a fleet systems condition requiring corrective action and scheduled engineering follow-up.,,,RunwayLink,MEV700203,RA_72130,RA_26699,RA_11499,5/28/2026,Rensselaer Regional 75,6/9/2026,Rensselaer A900,RA_20148,MEV700203,May-2026,Rensselaer CargoMax,,RA_79567,RA-303,5/28/2026
RA_17745,Avionics Operations,RA-304,Rensselaer A220,,RA_9493,RA_9706,RA_70662,RA_58900,Routine maintenance review identified a fleet systems condition requiring corrective action and scheduled engineering follow-up.,,,FleetPilot Central,MEV700204,RA_95295,RA_3402,RA_9085,5/28/2026,Rensselaer A220,6/9/2026,Rensselaer CargoMax,RA_75361,MEV700204,May-2026,Rensselaer Regional 75,,RA_38331,RA-304,5/28/2026
RA_28524,Fleet Engineering West,RA-305,Rensselaer A900,,RA_46467,RA_99769,RA_34991,RA_26162,Routine maintenance review identified a fleet systems condition requiring corrective action and scheduled engineering follow-up.,,,Altitude Manager,MEV700205,RA_35265,RA_49094,RA_32539,5/28/2026,Rensselaer A220,6/9/2026,Rensselaer Regional 75,RA_52411,MEV700205,May-2026,Rensselaer CargoMax,,RA_70847,RA-305,5/28/2026
RA_61069,Maintenance Excellence Group,RA-306,Rensselaer CargoMax,,RA_12922,RA_58656,RA_88615,RA_96866,Routine maintenance review identified a fleet systems condition requiring corrective action and scheduled engineering follow-up.,,,AeroTrack Vision,MEV700206,RA_58785,RA_53387,RA_57650,5/28/2026,Rensselaer A330,6/9/2026,Rensselaer CargoMax,RA_23777,MEV700206,May-2026,Rensselaer CargoMax,,RA_18396,RA-306,5/28/2026
RA_88483,Flight Systems Engineering,RA-307,Rensselaer A900,,RA_62211,RA_99040,RA_20474,RA_33182,Routine maintenance review identified a fleet systems condition requiring corrective action and scheduled engineering follow-up.,,,SkyLogic Suite,MEV700207,RA_52021,RA_81561,RA_43604,5/28/2026,Rensselaer A220,6/9/2026,Rensselaer CargoMax,RA_10205,MEV700207,May-2026,Rensselaer A220,,RA_25121,RA-307,5/28/2026
RA_63706,Maintenance Excellence Group,RA-308,Rensselaer Regional 75,,RA_45182,RA_40,RA_44688,RA_409,Routine maintenance review identified a fleet systems condition requiring corrective action and scheduled engineering follow-up.,,,AeroTrack Vision,MEV700208,RA_90131,RA_3413,RA_70668,5/28/2026,Rensselaer A900,6/9/2026,Rensselaer Regional 75,RA_32796,MEV700208,May-2026,Rensselaer A900,,RA_85953,RA-308,5/28/2026
RA_45794,Flight Systems Engineering,RA-309,Rensselaer A900,,RA_76017,RA_83620,RA_47028,RA_36596,Routine maintenance review identified a fleet systems condition requiring corrective action and scheduled engineering follow-up.,,,AeroControl X,MEV700209,RA_3833,RA_94633,RA_82643,5/28/2026,Rensselaer A900,6/9/2026,Rensselaer CargoMax,RA_48238,MEV700209,May-2026,Rensselaer A330,,RA_70367,RA-309,5/28/2026
RA_54195,Technical Operations Center,RA-310,Rensselaer Regional 75,,RA_67457,RA_176,RA_34588,RA_70189,Routine maintenance review identified a fleet systems condition requiring corrective action and scheduled engineering follow-up.,,,AeroTrack Vision,MEV700210,RA_3868,RA_60299,RA_88065,5/28/2026,Rensselaer A900,6/9/2026,Rensselaer A900,RA_22912,MEV700210,May-2026,Rensselaer A900,,RA_36360,RA-310,5/28/2026
RA_68803,Avionics Operations,RA-311,Rensselaer Regional 75,,RA_15233,RA_77453,RA_54233,RA_24139,Routine maintenance review identified a fleet systems condition requiring corrective action and scheduled engineering follow-up.,,,FlightNav Pro,MEV700211,RA_93327,RA_21167,RA_47710,5/29/2026,Rensselaer Regional 75,6/9/2026,Rensselaer Regional 75,RA_70574,MEV700211,May-2026,Rensselaer A330,,RA_17795,RA-311,5/29/2026
RA_47853,Fleet Engineering West,RA-312,Rensselaer CargoMax,,RA_13420,RA_65480,RA_9140,RA_34684,Routine maintenance review identified a fleet systems condition requiring corrective action and scheduled engineering follow-up.,,,AeroTrack Vision,MEV700212,RA_58222,RA_61960,RA_75899,5/29/2026,Rensselaer A220,6/9/2026,Rensselaer A220,RA_29372,MEV700212,May-2026,Rensselaer Regional 75,,RA_55054,RA-312,5/29/2026
RA_88843,Maintenance Excellence Group,RA-313,Rensselaer CargoMax,,RA_66341,RA_66735,RA_65852,RA_90700,Routine maintenance review identified a fleet systems condition requiring corrective action and scheduled engineering follow-up.,,,Altitude Manager,MEV700213,RA_9656,RA_86763,RA_94335,5/29/2026,Rensselaer A220,6/9/2026,Rensselaer CargoMax,RA_75299,MEV700213,May-2026,Rensselaer CargoMax,,RA_24880,RA-313,5/29/2026
RA_29022,Flight Systems Engineering,RA-314,Rensselaer Regional 75,,RA_22173,RA_30265,RA_44453,RA_76817,Routine maintenance review identified a fleet systems condition requiring corrective action and scheduled engineering follow-up.,,,SkyLogic Suite,MEV700214,RA_99620,RA_17623,RA_17169,5/29/2026,Rensselaer A220,6/9/2026,Rensselaer A220,RA_12474,MEV700214,May-2026,Rensselaer A330,,RA_83074,RA-314,5/29/2026
RA_9146,Technical Operations Center,RA-315,Rensselaer A220,,RA_15343,RA_55187,RA_13247,RA_10571,Routine maintenance review identified a fleet systems condition requiring corrective action and scheduled engineering follow-up.,,,SkyLogic Suite,MEV700215,RA_52537,RA_36947,RA_8642,5/29/2026,Rensselaer A220,6/9/2026,Rensselaer A220,RA_28843,MEV700215,May-2026,Rensselaer A330,,RA_63209,RA-315,5/29/2026
RA_75161,Fleet Engineering West,RA-316,Rensselaer A330,,RA_64044,RA_80489,RA_5436,RA_71779,Routine maintenance review identified a fleet systems condition requiring corrective action and scheduled engineering follow-up.,,,Altitude Manager,MEV700216,RA_10183,RA_47058,RA_7896,5/29/2026,Rensselaer A330,6/9/2026,Rensselaer Regional 75,RA_96569,MEV700216,May-2026,Rensselaer A330,,RA_97477,RA-316,5/29/2026
RA_64985,Aircraft Reliability Team,RA-317,Rensselaer A900,,RA_45987,RA_22932,RA_35358,RA_16003,Routine maintenance review identified a fleet systems condition requiring corrective action and scheduled engineering follow-up.,,,Altitude Manager,MEV700217,RA_92563,RA_82693,RA_99543,5/29/2026,Rensselaer A330,6/9/2026,Rensselaer A330,RA_29587,MEV700217,May-2026,Rensselaer A330,,RA_85881,RA-317,5/29/2026
RA_41240,Avionics Operations,RA-318,Rensselaer Regional 75,,RA_81920,RA_92599,RA_87149,RA_72168,Routine maintenance review identified a fleet systems condition requiring corrective action and scheduled engineering follow-up.,,,Altitude Manager,MEV700218,RA_75924,RA_58527,RA_13509,5/29/2026,Rensselaer A900,6/9/2026,Rensselaer A220,RA_93370,MEV700218,May-2026,Rensselaer CargoMax,,RA_65915,RA-318,5/29/2026
RA_87295,Maintenance Excellence Group,RA-319,Rensselaer A330,,RA_48683,RA_67895,RA_44062,RA_26426,Routine maintenance review identified a fleet systems condition requiring corrective action and scheduled engineering follow-up.,,,AeroTrack Vision,MEV700219,RA_8753,RA_23200,RA_86750,6/3/2026,Rensselaer A900,6/3/2026,Rensselaer A220,,MEV700219,Jun-2026,Rensselaer A900,,RA_3347,RA-319,6/3/2026
RA_56182,Maintenance Excellence Group,RA-320,Rensselaer CargoMax,,RA_11328,RA_82682,RA_1883,RA_91726,Routine maintenance review identified a fleet systems condition requiring corrective action and scheduled engineering follow-up.,,,FlightNav Pro,MEV700220,RA_62051,RA_90820,,6/10/2026,Rensselaer Regional 75,6/9/2026,Rensselaer A330,RA_21813,MEV700220,Jun-2026,Rensselaer A330,,RA_70597,RA-320,6/10/2026
RA_50507,Avionics Operations,RA-321,Rensselaer CargoMax,,RA_80304,RA_57878,RA_49754,RA_29963,Routine maintenance review identified a fleet systems condition requiring corrective action and scheduled engineering follow-up.,,,FleetPilot Central,MEV700221,RA_11563,RA_54323,,6/10/2026,Rensselaer CargoMax,6/9/2026,Rensselaer A900,RA_7167,MEV700221,Jun-2026,Rensselaer A220,,RA_47042,RA-321,6/10/2026
